Day,Boksit,Izvestnyak,KoncentratZ,Okatysh,EmptyWagon,RudaZ,Ugol
01.10.2021 00:00:00,14888.4,6275,"","",13400,11937.8,32493
02.10.2021 00:00:00,19857,"","","",19959.9,5960,25947.2
03.10.2021 00:00:00,9928.3,6273,"","",16602,17918,45019.2
04.10.2021 00:00:00,19851.5,6275,"","",14929,5964,52171
05.10.2021 00:00:00,4961.5,6274,"","",11572,11877,39041.9
06.10.2021 00:00:00,24814.5,"","","",16437,5981,25945.4
07.10.2021 00:00:00,4963,6271,"","",6580,11936,12550.6
08.10.2021 00:00:00,14887.4,6273,"","",15175,5974,38210.01
09.10.2021 00:00:00,"",6268,"","",16403,11924,45044.4
10.10.2021 00:00:00,19854.4,"","","",16654.1,5980,44771.3
11.10.2021 00:00:00,4961.9,6269,"","",16524.9,11931,45042.1
12.10.2021 00:00:00,19852.5,6269,"","",18194,11952,38772.2
13.10.2021 00:00:00,14887.8,6267,"","",15180,11896,58423.6
14.10.2021 00:00:00,4963.3,6273,"","",19614.7,5966,64426.3
15.10.2021 00:00:00,4963.5,"","","",19635,11948,51318.7
16.10.2021 00:00:00,9928.7,6270,"","",23309.7,5982,39046.4
17.10.2021 00:00:00,4960.7,"","","",19738,11917,57870.4
18.10.2021 00:00:00,14889.7,6269,"","",16533,17915,44764.2
19.10.2021 00:00:00,14889.7,6266.1,"","",14895.4,11907,32494.1
20.10.2021 00:00:00,14891,6178,"","",13111,"",51315.4
21.10.2021 00:00:00,4959.9,6271.8,"","",16395.4,17937,38484.3
22.10.2021 00:00:00,9925.6,"","","",18301,11907,45608
23.10.2021 00:00:00,4962.2,6268,"","",18199,11959,32213.3
24.10.2021 00:00:00,24813.1,"","","",21499,5972,51876
25.10.2021 00:00:00,4964.1,6269,"","",13194,11945,45604.1
26.10.2021 00:00:00,14792.3,6266,"","",19517,11913,39047.3
27.10.2021 00:00:00,19851.4,"","","",18172,5980,45321.9
28.10.2021 00:00:00,19854.9,6272.6,"","",18098,5978,52155
29.10.2021 00:00:00,9923.7,6268.2,"","",15149,5961,45324.6
30.10.2021 00:00:00,14890.7,6273,"","",18253,17889,38957.1
31.10.2021 00:00:00,4962.2,"","","",20298,"",58432.3
01.11.2021 00:00:00,9928.4,6270.5,"","",21993,11927,58430.7
02.11.2021 00:00:00,14888.4,6272.4,"","",21394.6,11924,51880
03.11.2021 00:00:00,4962.4,6274.5,"","",18187,5980,45318.3
04.11.2021 00:00:00,14887.7,6962.6,"","",16368.9,11815,51880.4
05.11.2021 00:00:00,9926.3,6271.4,"","",21531,11914,52434.2
06.11.2021 00:00:00,14886.3,6273.1,"","",19764,5960,26221.3
07.11.2021 00:00:00,4962.2,6270.8,"","",13313,5960,70696.9
08.11.2021 00:00:00,"",6273.9,"","",19717,17896,45041.2
09.11.2021 00:00:00,4963.5,"","","",15001,5973,52438.51
10.11.2021 00:00:00,4962.9,12538.2,"","",16467,5981,57866.4
11.11.2021 00:00:00,4963.3,"","","",16402,11910,51870.5
12.11.2021 00:00:00,9924.4,6268.1,"","",17969,5972,51592.7
13.11.2021 00:00:00,14894.7,6270,"","",18137,11941,45042.1
14.11.2021 00:00:00,9922.3,12543,"","",16721,5943,51306.5
15.11.2021 00:00:00,4963.5,"","","",18273,11917,70978.1
16.11.2021 00:00:00,9923.9,6275.1,"","",24869,5979,38772.8
17.11.2021 00:00:00,9927.8,6271.9,"","",18136,11922,70411.8
18.11.2021 00:00:00,9924.3,"","","",21575,5975,45041.9
19.11.2021 00:00:00,19852.8,6273.1,"","",11653,11916,57874.7
20.11.2021 00:00:00,9922.3,"","","",18195,5974,39046.4
21.11.2021 00:00:00,24818.3,12539.4,"","",19978,11939,51877.1
22.11.2021 00:00:00,"",6271.9,"","",23193,11927,51875.3
23.11.2021 00:00:00,9321.8,6203.7,"","",14750,5960,51876.8
24.11.2021 00:00:00,14887.7,6268.6,"","",19762,5983,51873.1
25.11.2021 00:00:00,14890.3,6273.8,"","",13363,11958,45605.6
26.11.2021 00:00:00,9929.1,"","","",21515,5793,38761.8
27.11.2021 00:00:00,9921.1,"","","",18369,5985,52159.1
28.11.2021 00:00:00,14789.5,10957.7,"","",19747,5973,39050.9
29.11.2021 00:00:00,9926.6,6272.1,"","",18271,11835,51587.2
30.11.2021 00:00:00,14794.2,12544.3,"","",19858,11884,58428.3
01.12.2021 00:00:00,9926.1,6268.3,"","",19772,"",45694.2
02.12.2021 00:00:00,9928.2,6272.9,"","",21598,11885,57867.7
03.12.2021 00:00:00,9926.9,6269.1,"","",18298,11910,51310.7
04.12.2021 00:00:00,19667.1,6271.6,"","",21409,11957,45034.8
05.12.2021 00:00:00,14889.1,6268.9,"","",18114,11901,51318
06.12.2021 00:00:00,9926.7,12543.8,"","",23209,5999,51591.7
07.12.2021 00:00:00,19854,"","","",19897,11936,45599.7
08.12.2021 00:00:00,14891,12540.5,"","",18243,11835,63860.7
09.12.2021 00:00:00,19850.3,6271.3,"","",19694,11928,45052.4
10.12.2021 00:00:00,19856.6,6273.1,"","",18019,5950,50759.8
11.12.2021 00:00:00,4961.1,6268.9,"","",26459,5993,58185.4
12.12.2021 00:00:00,19849.3,6272.3,"","",18095,17887,51917.3
13.12.2021 00:00:00,19850.4,6272.4,"","",23428,5966,57606.6
14.12.2021 00:00:00,19849.8,6273.1,"","",13267,11941,44787.2
15.12.2021 00:00:00,19852.9,6268.3,"","",18261,11924,57928.7
16.12.2021 00:00:00,14891.1,6270.1,"","",21688,5976,38498.1
17.12.2021 00:00:00,14894,6273.1,"","",21384,11944,52201.9
18.12.2021 00:00:00,14883.1,6267.3,"","",18112,11932,57629.9
19.12.2021 00:00:00,14889.3,6270,"","",24945,11945,57903.1
20.12.2021 00:00:00,19857.4,6270.5,"","",21552,5958,57912.1
21.12.2021 00:00:00,19850.5,12544,"","",21523,11940,51357.4
22.12.2021 00:00:00,4965,6270.8,"","",22892,11835,45631
23.12.2021 00:00:00,14886.5,6276.7,"","",18136,5992,51371.3
24.12.2021 00:00:00,19854.8,12540.8,"","",20123,5989,38501.6
25.12.2021 00:00:00,9924,"","","",24665.4,5994,58484.2
26.12.2021 00:00:00,14889.6,6268.9,"","",21597,5994,38797.6
27.12.2021 00:00:00,14888,6270.6,"","",18233,5979,51921.3
28.12.2021 00:00:00,19851.4,12544.6,"","",18303,11991,51905.8
29.12.2021 00:00:00,14582.9,"","","",27808.4,5989,39107.3
30.12.2021 00:00:00,14890.8,6276.1,"","",19957,11987,51617.2
31.12.2021 00:00:00,14891.6,"","","",23128,6001,51926.3
01.01.2022 00:00:00,14862.4,12540.9,"","",18262,11973,58476.4
02.01.2022 00:00:00,19844.9,6268.7,"","",28168,5997,45063
03.01.2022 00:00:00,19847.7,6273.8,"","",19976,11983,64182.1
04.01.2022 00:00:00,14890.8,6273.9,"","",24974,11988,57920.1
05.01.2022 00:00:00,9923.9,6267.2,"","",19718,5992,38801.1
06.01.2022 00:00:00,14887.1,"","","",19754,5969,64456.9
07.01.2022 00:00:00,24811.9,6263.2,"","",23172,12003,45068.26
08.01.2022 00:00:00,9924.8,6292,"","",21481,5876,57916.3
09.01.2022 00:00:00,19851.6,6298,"","",19842,11989,57886
10.01.2022 00:00:00,14886.1,6258,"","",18186,5994,57925.7
11.01.2022 00:00:00,14795.1,6271.3,"","",19967,5971,44815.3
12.01.2022 00:00:00,19846.4,6266.9,"","",19939,11997,57937.9
13.01.2022 00:00:00,14890.3,6270.3,"","",20069,5988,58465.8
14.01.2022 00:00:00,19845.2,6268.4,"","",23340,5993,38459.5
15.01.2022 00:00:00,9926.6,6271.9,"","",16444,5918,50980.1
16.01.2022 00:00:00,19852.9,"","","",16783,"",38267.6
17.01.2022 00:00:00,9924,6271.5,"","",10121,11874,51956
18.01.2022 00:00:00,14878.6,6271.5,"","",16729,5975,31420.2
19.01.2022 00:00:00,14886.6,6267.3,"","",16717,5998,45585.6
20.01.2022 00:00:00,14892.6,6273.6,"","",16399,5976,51127.7
21.01.2022 00:00:00,14883.7,6271.2,"","",16543,5994,45200.8
22.01.2022 00:00:00,9926.9,6269.2,"","",16451,11980,57688.9
23.01.2022 00:00:00,"",6268.3,"","",18374,"",58279.5
24.01.2022 00:00:00,14885.6,"","","",16488,11976,57383.4
25.01.2022 00:00:00,9926.9,12542.9,"","",19729,6005,45380.6
26.01.2022 00:00:00,14885.5,"","","",21669,5983,45692.4
27.01.2022 00:00:00,14887.2,12541.3,"","",18224,5982,38809.9
28.01.2022 00:00:00,9928.5,"","","",18308,12001,38843.4
29.01.2022 00:00:00,14885.4,12538.9,"","",21798,11970,51386.5
30.01.2022 00:00:00,14888.2,6268.5,"","",20058,6003,45404.7
31.01.2022 00:00:00,4964,6270.7,"","",20019,5981,51711
01.02.2022 00:00:00,14887.6,6272.9,"","",18331,11986,57937.7
02.02.2022 00:00:00,9926.9,6271.9,"","",21563,11983,57942.6
03.02.2022 00:00:00,4963.9,"","","",21443,8940,57961.1
04.02.2022 00:00:00,14792.2,6271.4,"","",16689,11985,51968.5
05.02.2022 00:00:00,9924.4,12449.5,"","",21468,11891,50832.1
06.02.2022 00:00:00,14885.9,6167,"","",23509,5990,64531.8
07.02.2022 00:00:00,19851.6,"","","",19831,11979,64250.1
08.02.2022 00:00:00,14892,6272.2,"","",20133,11983,51395.2
09.02.2022 00:00:00,14889.3,6270.8,"","",19990,5995,51975.7
10.02.2022 00:00:00,14892,6269.3,"","",23236,11976,57968.9
11.02.2022 00:00:00,9924.6,6269.7,"","",19782,11986,39118.9
12.02.2022 00:00:00,19847.3,12543.5,"","",19850,"",64246.5
13.02.2022 00:00:00,14888.7,6270.9,"","",21416,11981,51685.2
14.02.2022 00:00:00,19850,6269.1,"","",19767,6002,64251.8
15.02.2022 00:00:00,9926.8,6270.9,"","",23099,11988,51367.6
16.02.2022 00:00:00,14781.9,"","","",14923,5993,64537.1
17.02.2022 00:00:00,24812.6,6268.7,"","",23218,6002,57841.5
18.02.2022 00:00:00,4965.1,6266.6,"","",18170,5977,44838.1
19.02.2022 00:00:00,19850.2,6270.4,"","",18195,11997,64502.8
20.02.2022 00:00:00,9924.6,6274.7,"","",23159,5988,51403.6
21.02.2022 00:00:00,14881.8,6274.4,"","",16536,11899,57957
22.02.2022 00:00:00,9930.6,6265.9,"","",24846,5981,51394.8
23.02.2022 00:00:00,19858.2,6270,"","",18035,5996,57945.6
24.02.2022 00:00:00,19851.7,6271.4,"","",19991,11991,51972.6
25.02.2022 00:00:00,14888.6,12541.2,"","",21568,5998,45417.6
26.02.2022 00:00:00,14887.8,6272.4,"","",19821,11996,45378
27.02.2022 00:00:00,24810.4,6273.5,"","",23303,5988.7,45418
28.02.2022 00:00:00,9926.3,6272.8,"","",20062,5997.8,51393.5
01.03.2022 00:00:00,14884.7,6268.4,"","",20259,11996.4,39114.4
02.03.2022 00:00:00,9925.9,6272.5,"","",11724,5980.7,19405.2
03.03.2022 00:00:00,14793.5,6271.6,"","",11647,12009,38549.2
04.03.2022 00:00:00,9928,6272.1,"","",18291,11971.3,45689.2
05.03.2022 00:00:00,4963.2,6268.7,"","",18228,6004.1,44816.5
06.03.2022 00:00:00,"",6277,"","",18352,11988.6,57407.7
07.03.2022 00:00:00,4869.4,6272.3,"","",18297,11983.5,45094.4
08.03.2022 00:00:00,19747.8,6268.8,"","",23106,6000.2,51974.6
09.03.2022 00:00:00,9924.8,6272.2,"","",15005,11982.1,57942.8
10.03.2022 00:00:00,14889,6178.2,"","",19801,5996.9,51403.1
11.03.2022 00:00:00,9922.6,6270.6,"","",19973,11991.1,51382
12.03.2022 00:00:00,19847.6,6139.9,"","",24827,11991.8,58015.9
13.03.2022 00:00:00,14888.9,6227.8,"","",21666,5997.2,58511.3
14.03.2022 00:00:00,14884.8,6270.5,"","",21344,11981.3,57670.4
15.03.2022 00:00:00,9926.4,6268.8,"","",21398,11997.2,64192.9
16.03.2022 00:00:00,14886.3,6272.3,"","",19890,5991.4,57967.4
17.03.2022 00:00:00,14883.9,6269.3,"","",21505,11988.8,51358
18.03.2022 00:00:00,9927.1,6267.2,"","",23183,11986.6,51682.5
19.03.2022 00:00:00,14895.2,6269.6,"","",21582,5991.1,64198.4
20.03.2022 00:00:00,4961.5,6271.9,"","",21521,11997.3,51373.6
21.03.2022 00:00:00,4961.2,6266.8,"","",23135,5999.2,45674.9
22.03.2022 00:00:00,14888.1,6276.6,"","",16581,11803.2,64206.2
23.03.2022 00:00:00,"",6271.5,"","",21502,11995.5,57949.1
24.03.2022 00:00:00,9921.4,6271.6,"","",21561,5987.2,57929.9
25.03.2022 00:00:00,14890,6273.7,"","",16510,6001.7,57955.2
26.03.2022 00:00:00,14888.6,"","","",23155,11991.4,58231.1
27.03.2022 00:00:00,14883.5,12541.6,"","",19927,11973.2,51393
28.03.2022 00:00:00,14886.3,6269.7,"","",23192,6001.8,51925.4
29.03.2022 00:00:00,14888.7,6271.1,"","",21498,5981.3,51955.8
30.03.2022 00:00:00,14886.3,6268.9,"","",18187,5891.9,45102.4
31.03.2022 00:00:00,19852.9,6271.4,"","",21477,11960.2,51930.46
01.04.2022 00:00:00,14884,6273.8,"","",19787.2,11983.9,39114.4
02.04.2022 00:00:00,9927.1,6268.1,"","",19880.6,5988.8,38531.6
03.04.2022 00:00:00,19854.8,12543.5,"","",18262.2,11991.3,64475.2
04.04.2022 00:00:00,4964.7,"","","",19998.5,11946.9,51657.4
05.04.2022 00:00:00,19851.9,6270.1,"","",19999.9,5995.9,44816.8
06.04.2022 00:00:00,9923.5,12541.6,"","",19601.9,5990.4,51668.8
07.04.2022 00:00:00,14886.9,"","","",18241.1,12002.2,57978.9
08.04.2022 00:00:00,9926.8,"","","",19970.2,5986.8,45068.9
09.04.2022 00:00:00,9929.7,"","","",19892,5989.1,51106.3
10.04.2022 00:00:00,9926.8,12544.5,"","",16689,6009.1,51642.6
11.04.2022 00:00:00,9927.7,12546.1,"","",18287,12003.6,38826.6
12.04.2022 00:00:00,14888,6276.3,"","",21622.9,"",63948.4
13.04.2022 00:00:00,14886.7,6272.4,"","",13212,5906.2,38534.8
14.04.2022 00:00:00,4961.6,"","","",18263.2,6001.8,51388.4
15.04.2022 00:00:00,14886.4,6272.8,"","",16550.3,5998,44824.1
16.04.2022 00:00:00,19853.8,12542.8,"","",21670,5981,45681.7
17.04.2022 00:00:00,14890.1,6267.8,"","",16712.6,6003.5,38844.6
18.04.2022 00:00:00,19848.9,6267.1,"","",19877,5999.9,51977.3
19.04.2022 00:00:00,9928.9,6267.8,"","",18290,5988.1,45390.5
20.04.2022 00:00:00,14887.4,6272,"","",16546,5981.4,39144.8
21.04.2022 00:00:00,24718.3,12540.2,"","",16525,6009,25737.7
22.04.2022 00:00:00,19852.8,6271.1,"","",20069,"",25979.5
23.04.2022 00:00:00,14892.4,12541.4,"","",14986,11987.6,58276.1
24.04.2022 00:00:00,19853,6271.6,"","",19925,"",39113.3
25.04.2022 00:00:00,14890.3,6273.6,"","",21664,11996,45382.6
26.04.2022 00:00:00,19851.5,6273.3,"","",20008,"",45413.6
27.04.2022 00:00:00,9927.9,6272.2,"","",18368,5966.7,39114
28.04.2022 00:00:00,9928.3,6270.9,"","",16594,5984.1,38639.7
29.04.2022 00:00:00,19852.5,6272.3,"","",18295.8,5984.3,51668.2
30.04.2022 00:00:00,19853,6272.6,"","",16534,6004,39123.5
01.05.2022 00:00:00,14887.7,6274.1,"","",21558,6002.2,51398.3
02.05.2022 00:00:00,29782.8,12548.2,"","",19896,5979.2,51398.9
03.05.2022 00:00:00,14894.3,6273.4,"","",15078,5990.7,38554.8
04.05.2022 00:00:00,14887.7,6270.3,"","",18376,6001.5,38817.9
05.05.2022 00:00:00,14887.2,6272.5,"","",19940,5997.4,51412.8
06.05.2022 00:00:00,14864.3,6271.4,"","",19907,5979,39098.4
07.05.2022 00:00:00,14893.7,"","","",16795,5995.4,51413.3
08.05.2022 00:00:00,14890.7,12541.8,"","",16560,6005.7,45303.3
09.05.2022 00:00:00,14892.2,"","","",21546,5984,51694.6
10.05.2022 00:00:00,4960.6,12541.3,"","",19894,6005.2,51397.1
11.05.2022 00:00:00,14890.2,6273.4,"","",16595,6005.5,38842.1
12.05.2022 00:00:00,19847.5,6274.9,"","",16663,6002.9,45398.2
13.05.2022 00:00:00,19852.4,6273.4,"","",20011,6005.1,51419.5
14.05.2022 00:00:00,14892,6276,"","",23261,12008.8,51380.7
15.05.2022 00:00:00,19849,6273.7,"","",19975,"",45423.4
16.05.2022 00:00:00,14889.6,6270.1,"","",19987,12012.2,51969.3
17.05.2022 00:00:00,19852.1,6273.6,"","",16646,6002.8,32550.1
18.05.2022 00:00:00,14896.1,"","","",19951,"",45421.5
19.05.2022 00:00:00,24812.6,12545.4,"","",13313,12012.6,51967.6
20.05.2022 00:00:00,14889.3,6272.7,"","",24947,5911.8,39150.6
21.05.2022 00:00:00,24814.3,6273.9,"","",20078,6006.4,39096.4
22.05.2022 00:00:00,19858.1,6270.4,"","",20021,6007,45141.9
23.05.2022 00:00:00,19855.3,6270.4,"","",18417,6005.8,39094.5
24.05.2022 00:00:00,24819,6271.3,"","",20179,12011.6,45430.8
25.05.2022 00:00:00,14890.1,6274,"","",16680,6007.6,38827.8
26.05.2022 00:00:00,19849.3,6269.6,"","",18293,6006.4,45405.1
27.05.2022 00:00:00,24817.6,6274.6,"","",18415,6005.8,39121.8
28.05.2022 00:00:00,19850.1,12543.5,"","",21614,6006.4,45393.4
29.05.2022 00:00:00,24819.3,6273.3,"","",18421,5818.4,39135
30.05.2022 00:00:00,14892.2,6269.2,"","",18331,12012.8,45414.1
31.05.2022 00:00:00,19856.8,6274.3,"","",18292,6007,32541.3
01.06.2022 00:00:00,29771.1,6273.8,"","",19946,"",45128.4
02.06.2022 00:00:00,29787.1,6273.5,"","",20119,"",51366.1
03.06.2022 00:00:00,9927.3,12547.6,"","",18259,"",38857.1
04.06.2022 00:00:00,19855.2,6276.6,"","",16802,"",51663.7
05.06.2022 00:00:00,19856.9,6276.8,"","",16820,"",38287.6
06.06.2022 00:00:00,24810.9,6272.4,"","",20000,"",45098.7
07.06.2022 00:00:00,19853.1,6275.5,"","",16661,"",45116.5
08.06.2022 00:00:00,14889,6270.1,"","",18426,"",45391.2
09.06.2022 00:00:00,14893.3,6273.4,"","",14842,"",39128.8
10.06.2022 00:00:00,29788.5,6272.6,"","",15013,"",51408
11.06.2022 00:00:00,14885.7,6269.8,"","",19945,"",51672.4
12.06.2022 00:00:00,24822.7,6271.2,"","",18384,"",45418.5
13.06.2022 00:00:00,29781.5,6274.1,"","",14999,"",38544.6
14.06.2022 00:00:00,19854.2,6272.5,"","",16572,"",51403.2
15.06.2022 00:00:00,19857.4,6273.3,"","",21658,"",45404.2
16.06.2022 00:00:00,14890.3,6274.7,"","",16746,"",50831.2
17.06.2022 00:00:00,19854.5,6272.9,"","",18328,"",39096.8
18.06.2022 00:00:00,14889.8,6274.4,"","",21661,"",32577.1
19.06.2022 00:00:00,24813.6,6273.4,"","",16678,"",38806.1
20.06.2022 00:00:00,19854.9,6273.7,"","",13329,"",39144.4
21.06.2022 00:00:00,14888.4,6180,"","",11651,"",39116.2
22.06.2022 00:00:00,24818.3,6273.3,"","",11627,"",25705.9
23.06.2022 00:00:00,19855.1,"","","",14928,"",45700
24.06.2022 00:00:00,19856.5,12505.8,"","",16642,"",25702.3
25.06.2022 00:00:00,19856,6273.3,"","",11748,"",45384.2
26.06.2022 00:00:00,24814.6,6270,"","",15047,"",38860.5
27.06.2022 00:00:00,19855.4,6274.5,"","",18302,"",32536.8
28.06.2022 00:00:00,14890.4,6275,"","",16588,"",32281.5
29.06.2022 00:00:00,24815.1,6273.1,"","",18277,"",51953.8
30.06.2022 00:00:00,24812.3,6167.3,"","",13282,"",32567.4
01.07.2022 00:00:00,19855.3,6270.8,4497,4492,19957,"",51660.1
02.07.2022 00:00:00,14892.6,6273.1,4494,"",16699,"",44843.3
03.07.2022 00:00:00,19854,6272.7,4497,4498,19943,"",45106.6
04.07.2022 00:00:00,14894,6271.8,8995,"",16727.4,"",38552.3
05.07.2022 00:00:00,29776.3,6273.8,4494,"",18986.4,"",51107
06.07.2022 00:00:00,14885.9,6274.9,4496,8989,21164.3,"",45113.3
07.07.2022 00:00:00,14893.6,6270.6,4495,8993,21724.8,"",44839.5
08.07.2022 00:00:00,24818.2,6272.9,"",4494,16144.4,"",51386
09.07.2022 00:00:00,19573.9,"",8990,4495,15614.1,"",32565.9
10.07.2022 00:00:00,9925.1,6270.3,8990,4493,21105.5,"",39109.3
11.07.2022 00:00:00,19756.3,12543.5,4495,4498,21102.9,"",51114.9
12.07.2022 00:00:00,9927.1,6272.4,4492,4494,17247.5,"",51410.4
13.07.2022 00:00:00,14890.2,6272.8,8990,"",14500.4,"",38254.9
14.07.2022 00:00:00,24817.4,6269.1,8991,4494,19532.4,"",38564.6
15.07.2022 00:00:00,19850.9,6273.3,"","",16063.1,"",32533.8
16.07.2022 00:00:00,9925.8,6270.8,8992,4493,21179.9,"",38556.9
17.07.2022 00:00:00,14887.3,6272.6,4495,4492,17917.8,"",38832.9
18.07.2022 00:00:00,19853.5,6271,8987,4494,15659.7,"",45692.6
19.07.2022 00:00:00,14893.4,6273,4495,4495,19028.6,"",38820.8
20.07.2022 00:00:00,14888.6,6271.1,4498,4490,18789.4,"",45416.1
21.07.2022 00:00:00,14888.3,6273.4,4495,4496,17310.2,"",32538.4
22.07.2022 00:00:00,14884.8,6276.9,4494,4493,19585.2,"",45119.8
23.07.2022 00:00:00,29779.3,"",4493,4496,23929.6,"",45400.7
24.07.2022 00:00:00,14888.2,"",8987,"",22152.7,"",45410.2
25.07.2022 00:00:00,29782.5,12544.4,4499,4494,22158,"",51964.7
26.07.2022 00:00:00,14891,6272.9,4491,4494,15617,"",38828
27.07.2022 00:00:00,24821,6273.3,4494,4497,19413.9,"",45394.4
28.07.2022 00:00:00,19850.9,12544.4,4493,4492,22446.3,"",51965
29.07.2022 00:00:00,19851.6,"",4496,4486,22096.1,"",39104.5
30.07.2022 00:00:00,24817.6,12433.7,4492,"",19445.3,"",45420.2
31.07.2022 00:00:00,24822.1,6270.8,4440,"",17682.8,"",39103.4
01.08.2022 00:00:00,9927.5,6268.8,8987,4493,20638.7,"",45686.1
02.08.2022 00:00:00,24820,6274.2,4495,4497,17282.6,"",45392
03.08.2022 00:00:00,24809.5,6269,4495,4493,13782.2,"",45407.4
04.08.2022 00:00:00,19852.9,6273.7,8988,"",20061.5,"",45689.8
05.08.2022 00:00:00,24818.9,6270.7,4493,4494,17660.4,"",45374.5
06.08.2022 00:00:00,14885.9,6270.3,4497,4494,18842.9,"",32564.7
07.08.2022 00:00:00,19848.5,6271.4,4493,4493,19451.9,"",38814.4
08.08.2022 00:00:00,14893.4,6270.7,8988,4492,17824.2,"",45422.6
09.08.2022 00:00:00,19853.6,6272.2,4493,4495,14491.9,"",38817.5
10.08.2022 00:00:00,24818.2,6268.6,8990,"",19381.4,"",39116.9
11.08.2022 00:00:00,9927.1,6268.8,4495,"",17697.5,"",39096.4
12.08.2022 00:00:00,9927.4,6273.7,4493,4493,15654.8,"",38838.1
13.08.2022 00:00:00,24812.3,6270.7,"","",19154.5,"",39096.8
14.08.2022 00:00:00,19666.5,"",8992,"",18106.8,"",45421.2
15.08.2022 00:00:00,19846.2,12540.9,8986,"",16082.2,"",45366.4
16.08.2022 00:00:00,14893.1,6271.1,4498,"",17799.5,"",38858.9
17.08.2022 00:00:00,24812,6270.7,8990,4490,22966.2,"",45681
18.08.2022 00:00:00,14887.6,"",4495,4497,16204.2,"",44809
19.08.2022 00:00:00,14893.2,12543,"","",17384.9,"",38543.1
20.08.2022 00:00:00,19852.6,"",13483,"",14436.2,"",45111
21.08.2022 00:00:00,14887.6,12544,"",4495,21422.5,"",44541.3
22.08.2022 00:00:00,9925.7,6276.2,8989,"",17184.5,"",38547.3
23.08.2022 00:00:00,9928.5,6267,8993,4495,16406.4,"",51681.9
24.08.2022 00:00:00,9930.4,6269.8,4497,4492,14404.6,"",38261
25.08.2022 00:00:00,14887.5,6273,8992,"",20511.3,"",45126
26.08.2022 00:00:00,14887.8,6271.5,4496,4496,19520,"",45386.4
27.08.2022 00:00:00,9925.5,6272,8989,"",19053.5,"",32569.5
28.08.2022 00:00:00,19855.2,6271.9,4497,4497,17286.6,"",51954.6
29.08.2022 00:00:00,19852.6,6271.1,4494,4498,17196.5,"",45406.7
30.08.2022 00:00:00,9923.1,6271.1,4496,"",19386.6,"",38836.4
31.08.2022 00:00:00,24815.9,6274.2,4411,"",19662,"",45686.2
01.09.2022 00:00:00,19256.4,6271.1,13492,4495,15549.7,"",39130.5
02.09.2022 00:00:00,9924.8,6271.9,8992,4493,16192.2,"",45116.4
03.09.2022 00:00:00,4870.1,6271.3,"","",18830.5,"",45698.3
04.09.2022 00:00:00,4966.3,6273.4,"",4495,16731.1,"",45085.3
05.09.2022 00:00:00,19853.8,6275.5,8995,"",12800.6,"",44647
06.09.2022 00:00:00,14892.5,6270.5,4494,"",20612,"",45128.1
07.09.2022 00:00:00,9925.9,6270.5,4494,"",15636.8,"",51673.1
08.09.2022 00:00:00,19851.1,6268.2,8998,8989,14541.2,"",38830.8
09.09.2022 00:00:00,14889.6,6271.2,4496,4495,15515.3,"",45434.5
10.09.2022 00:00:00,19854.9,"","",8994,20581.3,"",44525.7
11.09.2022 00:00:00,9926.2,6271.7,4494,8994,20093.4,"",45125.4
12.09.2022 00:00:00,9926.2,"",8993,"",12882.2,"",51402.9
13.09.2022 00:00:00,9924.8,6270.3,8988,8996,19274.4,"",32541.3
14.09.2022 00:00:00,14896,6270.7,"",4494,14449.5,"",38531.5
15.09.2022 00:00:00,9924.5,6272.8,13489,4496,15735.5,"",45132.6
16.09.2022 00:00:00,4965,"","","",13039.9,"",38252.5
17.09.2022 00:00:00,9928.2,6269.2,17985,"",21636.4,"",45100.8
18.09.2022 00:00:00,19851.8,12548.2,4494,"",15836.2,"",38851.8
19.09.2022 00:00:00,9922.5,6269.3,"",4493,18957.9,"",57960.2
20.09.2022 00:00:00,9928.2,"",8996,8992,19361.1,"",45126.9
21.09.2022 00:00:00,4962,12543,4496,8987,13757.2,"",44619.9
22.09.2022 00:00:00,9928.8,"","",8990,20489.4,"",45123.1
23.09.2022 00:00:00,4774.6,12545.2,4496,"",14975,"",45393.8
24.09.2022 00:00:00,4964.7,6280.6,4497,"",17669.7,"",45112.9
25.09.2022 00:00:00,4963.6,6275.5,8989,4497,18745.3,"",51197.1
26.09.2022 00:00:00,9928.6,"",8990,"",15519.5,"",45697.4
27.09.2022 00:00:00,4961.8,"","","",12778.3,"",39113.3
28.09.2022 00:00:00,4962.9,"","",8991,17375,"",39116.3
29.09.2022 00:00:00,14890.7,"",8989,"",14035.9,"",39116.3
30.09.2022 00:00:00,"","",4494,8990,15919.7,"",39095.6
01.10.2022 00:00:00,19101,"",4491,4444,15576.4,"",45698
02.10.2022 00:00:00,9953.2,6281.5,8990,4497,16746.2,"",45387
03.10.2022 00:00:00,"",6271.9,8994,8991,20068.7,"",39215.4
04.10.2022 00:00:00,9944.4,6276.1,4496,"",17241.3,"",45102.4
05.10.2022 00:00:00,49965,6276.4,8989,8994,13450.8,"",38544.6
06.10.2022 00:00:00,9936.3,6278.1,4495,4496,18346.2,"",51372.3
07.10.2022 00:00:00,4961.5,6276.8,4495,4495,14035.5,"",38526.6
08.10.2022 00:00:00,19855.7,12556.3,4497,4495,15496.9,"",45641.2
09.10.2022 00:00:00,14900.1,6273,8995,4493,23327.4,"",45102.4
10.10.2022 00:00:00,9940.6,6280.9,8990,4496,15595.8,"",45357.2
11.10.2022 00:00:00,4967.5,6275.1,8989,8992,21628.4,"",44821.5
12.10.2022 00:00:00,4965.3,6277.7,8991,"",16828.5,"",38505.6
13.10.2022 00:00:00,19857.3,12547.4,8993,"",18421.4,"",45660.1
14.10.2022 00:00:00,4965.5,6276.9,8992,4493,18397,"",57362.8
15.10.2022 00:00:00,4961.8,6273.6,8989,4496,25611.3,"",51369
16.10.2022 00:00:00,14895.4,6275.4,8992,4494,18884.3,"",39098
17.10.2022 00:00:00,4960.4,6277.4,8992,"",15053.8,"",38523.5
18.10.2022 00:00:00,9929,6273.9,4499,4495,14354.8,"",45087.6
19.10.2022 00:00:00,4960.6,6273,4493,4496,16286,"",45373.7
20.10.2022 00:00:00,4964.8,6274.8,4496,4495.5,18859.8,"",44520.7
21.10.2022 00:00:00,19849.7,6274.8,4496.6,4495,11639,"",45380.9
22.10.2022 00:00:00,4962.1,6265.3,4495,4496,15498.2,"",32530.8
23.10.2022 00:00:00,14893.6,"",4493.2,"",15859.8,"",51369.4
24.10.2022 00:00:00,9924.6,6271.4,8990.6,"",18705.9,"",51367.6
25.10.2022 00:00:00,14897.4,6266.3,4493,"",19515.9,"",38813.9
26.10.2022 00:00:00,9837.8,6270.4,"",8958,16394.9,"",51357.5
27.10.2022 00:00:00,4960,6273.4,"","",18747.4,"",38529.9
28.10.2022 00:00:00,4869.9,6272.3,"",4492.5,14495,"",45363.9
29.10.2022 00:00:00,19860.3,6274.2,"",4494.2,16575,"",45087.5
30.10.2022 00:00:00,19848.4,6269.5,"",4498,13015.8,"",32513.8
31.10.2022 00:00:00,14891.2,6269.7,"","",13300,"",32538.1
01.11.2022 00:00:00,9926.7,6271.7,4495.5,8920.2,16446.2,"",36895.9
02.11.2022 00:00:00,14888.6,6271,"","",14412.7,"",51922.4
03.11.2022 00:00:00,14889.8,6265.8,4494.4,"",19389.6,"",39078.7
04.11.2022 00:00:00,9929.4,6270.5,"",4494,19242,"",38811.7
05.11.2022 00:00:00,14894.7,12535.4,13486.6,"",16210.1,"",44793.1
06.11.2022 00:00:00,4963.9,6266.6,4496,8991.1,17273.1,"",57615.2
07.11.2022 00:00:00,9930,6277.5,8988.5,4495,17286.3,"",57825.4
08.11.2022 00:00:00,"",6271.5,4495,8991,18799.5,"",44790.5
09.11.2022 00:00:00,19857.9,6268.5,4495,4492.8,18831.1,"",45078.7
10.11.2022 00:00:00,19850.3,12548.9,4495,4495.4,16769.1,"",58206.3
11.11.2022 00:00:00,19849.8,6273.9,8988.1,4497.3,17573.4,"",51621.9
12.11.2022 00:00:00,14899.6,12547.5,4493,4495.1,22168,"",38818.3
13.11.2022 00:00:00,9725.2,6276,4495,4492.9,18884.4,"",51635.4
14.11.2022 00:00:00,9925,6272.5,4495,4494,21301.2,"",25674
15.11.2022 00:00:00,19861.6,6150.2,13484.6,"",14314,"",45353.6
16.11.2022 00:00:00,9927.6,6273.2,"",8990.1,19215.3,"",38525.3
17.11.2022 00:00:00,14891.5,6273.3,8991.3,4494.4,15616.6,"",39349.2
18.11.2022 00:00:00,14889.8,6271.7,"",4493,17947.2,"",44803.1
19.11.2022 00:00:00,14890.2,6267.3,"","",14275.4,"",45360.2
20.11.2022 00:00:00,29778.5,12540,"",8990.4,21734.5,"",38816.5
21.11.2022 00:00:00,9922.3,6271.8,13484.4,4495.9,14397.7,"",39073.3
22.11.2022 00:00:00,9929.2,6269.4,8991.2,"",14728.9,"",39092.4
23.11.2022 00:00:00,"",6266.7,4495.2,13481,13959.4,"",45073.7
24.11.2022 00:00:00,"",6268.3,4494,4494,19319.9,"",64464.5
25.11.2022 00:00:00,"",6270.6,8929.6,4496,17191.1,"",39093.4
26.11.2022 00:00:00,"",12538.6,8991.1,4496.9,15443.7,"",32226.2
27.11.2022 00:00:00,"",6268.7,"",4498.6,11704,"",39082.7
28.11.2022 00:00:00,14893.5,"","",8990.5,16177.9,"",25963.8
29.11.2022 00:00:00,9923.4,12539.5,8987.4,8995,9412,"",45347.6
30.11.2022 00:00:00,54626,6272.5,8989,8993.9,18620.7,"",39084.9
01.12.2022 00:00:00,14896.7,6273.1,4494.1,"",15980.4,"",39075
02.12.2022 00:00:00,"",6269.9,4213,8988.4,16667.7,"",39072.45
03.12.2022 00:00:00,4965.1,6267.1,4495,13488.2,15554.3,"",57628.9
04.12.2022 00:00:00,4965.6,6270.2,13505.9,"",18397.5,"",39079.3
05.12.2022 00:00:00,"",6269,4498.9,4492.4,15585.7,"",57355.5
06.12.2022 00:00:00,9929.2,"",4495,4499,14680.4,"",38783.2
07.12.2022 00:00:00,4963.4,6268.5,8986,4496.5,12174.5,"",38515
08.12.2022 00:00:00,9926.3,6266.4,8987.9,4497,20011.4,"",45363.7
09.12.2022 00:00:00,"",6269.8,4494,4495,18643.1,"",38493.3
10.12.2022 00:00:00,14800,"","",4494,20088.5,"",39083.2
11.12.2022 00:00:00,9930.3,12547.2,8991,"",15418.6,"",51906.2
12.12.2022 00:00:00,9930.1,6268.7,"",4497,24096.5,"",57915.6
13.12.2022 00:00:00,14891,6277.6,4495.5,4493.3,15531.9,"",44787.2
14.12.2022 00:00:00,9925.7,6119.9,4498,4491,17793.8,"",45353.6
15.12.2022 00:00:00,4966.3,6239.8,"",4494.2,20282.5,"",51905.7
16.12.2022 00:00:00,4966,6273.8,4497.4,4493,22276.8,"",51640.2
17.12.2022 00:00:00,14891.7,6272.8,8985.8,"",17133.2,"",38790.7
18.12.2022 00:00:00,19857.4,6274.5,8986.7,4497.5,21053.9,"",51917.7
19.12.2022 00:00:00,9927.6,6278.5,4491.8,"",21593.6,"",58193.8
20.12.2022 00:00:00,14891.9,6275.7,4494,4497.7,19574,"",45348.6
21.12.2022 00:00:00,9929.1,6270.5,8994.2,"",14895,"",45358.5
22.12.2022 00:00:00,14897,"","","",17950.6,"",45348.1
23.12.2022 00:00:00,9920.2,6273.3,"",4493.9,17273.1,"",51921.3
24.12.2022 00:00:00,19857.4,6266.7,"",4496,18859.1,"",39067.6
25.12.2022 00:00:00,9935.9,6273.5,4493.5,8989.6,18011.6,"",57637.2
26.12.2022 00:00:00,14893.8,"",8990.9,4498.5,17174.7,"",38795.3
27.12.2022 00:00:00,9926.2,6273.5,4493.3,4495,18836.3,"",51922.4
28.12.2022 00:00:00,14902.6,6178.8,8994.8,9008,19584.5,"",51923.5
29.12.2022 00:00:00,4960.6,6239.8,4493.5,"",19370,"",45342.5
30.12.2022 00:00:00,14294.5,"",4494,4494,22580.2,"",45645.4
31.12.2022 00:00:00,9925.5,6268.7,8992.1,8991.6,17175.7,"",57900.8
01.01.2023 00:00:00,19869.5,6266.6,4118.7,"",25752,"",65036.1
02.01.2023 00:00:00,9927.4,"","","",18119.4,"",51347.6
03.01.2023 00:00:00,9929.6,"","","",18887.4,"",64457.7
04.01.2023 00:00:00,4961.5,6266,"","",17694.2,"",51369
05.01.2023 00:00:00,14889.3,6273,"","",22251,"",71014.7
06.01.2023 00:00:00,14899.6,6277.2,"","",17905.8,"",50542.7
07.01.2023 00:00:00,14888.2,6267,"","",19892,"",64479.4
08.01.2023 00:00:00,4869.9,6269.2,"","",18238,"",45046.9
09.01.2023 00:00:00,9925.6,6272,"","",19748,"",51906.9
10.01.2023 00:00:00,9925.9,6274,"","",14995,"",45054.6
11.01.2023 00:00:00,9924.6,6270.7,"","",9911,"",51638.1
12.01.2023 00:00:00,9926.1,"","","",19994,"",58446.4
13.01.2023 00:00:00,14886.4,12543.3,8991.1,4494.5,18203,"",44769.2
14.01.2023 00:00:00,19849.5,"",4495.3,4501.4,18321,"",70711
15.01.2023 00:00:00,14892.6,12534.9,"",4504,18310.7,"",64157
16.01.2023 00:00:00,9933.4,6266.2,8994,4497,20322.6,"",57866.3
17.01.2023 00:00:00,9931,6270.2,4498.3,8985.9,19324.3,"",51882.3
18.01.2023 00:00:00,14895.2,6273.4,8992.3,4492.8,17769.1,"",51886.1
19.01.2023 00:00:00,14712.5,6264.2,"","",23811,"",51043
20.01.2023 00:00:00,14887.6,6270,8988.5,8989.3,24891.4,"",52149.9
21.01.2023 00:00:00,"",6279.8,4497,8987.7,21699.3,"",45042.6
22.01.2023 00:00:00,19858.4,6277.2,8992.8,4493.9,17237.1,"",51865.7
23.01.2023 00:00:00,9926.1,6267.7,8987.1,4508,16972.5,"",51588.9
24.01.2023 00:00:00,9928.2,6280.1,"",4495.2,18256.9,"",51304.3
25.01.2023 00:00:00,9928.4,6271.8,8891.1,4493.1,20009.3,"",51312.4
26.01.2023 00:00:00,14897,6271.5,4493.8,4495,18994,"",51875.8
27.01.2023 00:00:00,14889.7,6270.9,4493.6,4495.7,20866.1,"",51315.5
28.01.2023 00:00:00,19854.9,6276.2,8991.3,4499.5,20046.6,"",51872
29.01.2023 00:00:00,14885.5,6272.9,"",4497.6,24401.4,"",57867.2
30.01.2023 00:00:00,14891.7,6275,"","",22162.4,"",58430
31.01.2023 00:00:00,14902.4,6277.1,"","",24485.7,"",57859.6
01.02.2023 00:00:00,9930.8,6268.4,8990,4492,21032.6,"",51881.9
02.02.2023 00:00:00,24826.51,6270.7,8994,"",19757,"",51879.9
03.02.2023 00:00:00,14890.9,"",8984.7,8992.3,21049.8,"",64415.6
04.02.2023 00:00:00,9927.9,6267.5,4495,4497,27052.5,"",64425.4
05.02.2023 00:00:00,14893.6,6267.5,4493,"",21638.2,"",57874.4
06.02.2023 00:00:00,14899.1,6276.4,4494.9,"",21927,"",58151.7
07.02.2023 00:00:00,19862.3,6271.1,8990.4,8993,24579.4,"",57879.6
08.02.2023 00:00:00,9926.6,6273,4494.5,"",18107,"",64423.4
09.02.2023 00:00:00,14896,6268.9,8993.6,8984.3,21814.1,"",51316.9
10.02.2023 00:00:00,19854.9,6272.7,8985.8,"",23789.4,"",58156.1
11.02.2023 00:00:00,24723.9,6276.7,"",4494.3,23371.4,"",51866.3
12.02.2023 00:00:00,19864.5,"",4501,4502,24009.8,"",64161
13.02.2023 00:00:00,14893.9,6274.5,4493,8988.1,23250.3,"",64426
14.02.2023 00:00:00,24830,6273.1,4496,"",25682.7,"",51880.6
15.02.2023 00:00:00,14899.3,12541.8,4493,8991.2,26111.8,"",57868.8
16.02.2023 00:00:00,24825,5986.3,4492.7,4496,20953.9,"",52154.1
17.02.2023 00:00:00,19855.2,6239.5,13483.1,"",21434.6,"",58155.2
18.02.2023 00:00:00,19854.2,"","",4494.6,24240.2,"",51880.7
19.02.2023 00:00:00,24732.8,6140.4,4500.2,"",22393.1,"",57303.9
20.02.2023 00:00:00,14898.4,6147.8,4491.4,4498.7,25977.5,"",57874
21.02.2023 00:00:00,14892.7,12543.9,4495,"",17416.3,"",57882.1
22.02.2023 00:00:00,19671.2,"",8989.5,"",24201.7,"",57878.9
23.02.2023 00:00:00,9930.2,12543,8985.8,"",24147.4,"",51504
24.02.2023 00:00:00,14893,6267.8,"",4494.1,21216.5,"",64425.6
25.02.2023 00:00:00,9928.9,6269,4499,4497.1,24331.5,"",64439.1
26.02.2023 00:00:00,19855.7,6269.5,"",4493.6,24413.7,"",51870.9
27.02.2023 00:00:00,9930.8,6272.2,4492.5,4496.1,25543.5,"",45333.6
28.02.2023 00:00:00,9924.5,6272.9,"","",19273.3,"",58438.87
01.03.2023 00:00:00,14889.6,"",17985.8,"",21001.1,"",45579.82
02.03.2023 00:00:00,14887,6268.5,4494.7,4495.4,19175.9,"",57607.4
03.03.2023 00:00:00,19863.8,6274.9,"",8990.1,21171,"",64434.8
04.03.2023 00:00:00,19851.6,"",4494.4,4493.3,22421.3,"",64428.1
05.03.2023 00:00:00,9927.5,6270.9,4496,4492.7,22750.5,"",57877.7
06.03.2023 00:00:00,14890.8,6272.4,4496.5,4496.4,19273.9,"",58163.4
07.03.2023 00:00:00,14889.8,6272.7,4517.5,"",25840.9,"",57871.6
08.03.2023 00:00:00,14892.1,6268.7,"",4404,22600.8,"",44767.1
09.03.2023 00:00:00,14890.2,6270.7,4495.3,"",17110.8,"",57882.8
10.03.2023 00:00:00,24832.9,6268.7,9004.4,"",17674.7,"",45325.3
11.03.2023 00:00:00,14890.5,6268.3,4494.7,"",26120.5,"",51602.4
12.03.2023 00:00:00,9927.6,6268.9,4497.6,"",21364.4,"",63876.2
13.03.2023 00:00:00,19850.5,6267.6,8987.9,"",20750.2,"",51873.2
14.03.2023 00:00:00,14796.2,6271.4,4497.7,4496.6,19690.1,"",57888.1
15.03.2023 00:00:00,19858.8,6273.2,"","",19364.2,"",51324.6
16.03.2023 00:00:00,4964.3,6273.4,4500,4497.6,22207.2,"",51613.5
17.03.2023 00:00:00,4960.9,6269.8,"",4496.5,19351.1,"",57887.3
18.03.2023 00:00:00,14892.2,6272.6,"",4503,20466.7,"",57882.4
19.03.2023 00:00:00,14893.5,6267.7,8991.4,4494.2,22150.9,"",64444.2
20.03.2023 00:00:00,14882.9,6272.6,4499,4498.4,24333.3,"",57892.6
21.03.2023 00:00:00,"","",4495.2,4496,20968,"",57886.6
22.03.2023 00:00:00,"",6279.9,4529.8,"",22097.1,"",57876.1
23.03.2023 00:00:00,19856.6,6267.1,"",8992.2,16454,"",64445.9
24.03.2023 00:00:00,14888.4,6278.1,8991.1,4497,23622.8,"",51599.9
25.03.2023 00:00:00,14889,6266.7,4492.7,4496.4,23865.1,"",70714.4
26.03.2023 00:00:00,19862.1,6277.4,4493.9,4500,22645.7,"",45622.2
27.03.2023 00:00:00,14889.2,6269.4,"","",19101.9,"",45607.3
28.03.2023 00:00:00,9924.9,6270.2,4496.3,4499,22737.1,"",51896.5
29.03.2023 00:00:00,19846.8,6270.2,4494.7,"",22707.3,"",51887.7
30.03.2023 00:00:00,19863.4,6271.3,"",4494,22202.6,"",45327.7
31.03.2023 00:00:00,9931.6,6271.4,"","",23748,"",65007.5
01.04.2023 00:00:00,19858.8,6267,"",8971.2,22593,"",45327.9
02.04.2023 00:00:00,19851.4,6273.7,8992.8,4497.3,22163.9,"",64457.8
03.04.2023 00:00:00,14895.6,6267.3,8988,"",24963.5,"",52166.8
04.04.2023 00:00:00,19851.8,6274.5,4494.2,4495.6,23790.8,"",57884.6
05.04.2023 00:00:00,19855.3,6271.2,9011.4,"",19375.3,"",51610.4
06.04.2023 00:00:00,14887.6,6271.8,"",4494.7,21689.9,"",51894.4
07.04.2023 00:00:00,24823.5,6268.2,"",4498.7,24877.4,"",51602.1
08.04.2023 00:00:00,9925,6272.8,8994.7,"",19373.6,"",45619
09.04.2023 00:00:00,19858.7,6272.5,4495.4,4495.4,19362.2,"",57879.1
10.04.2023 00:00:00,19862.6,6273,"",4496.2,23770,"",45331
11.04.2023 00:00:00,19856.5,6270.8,4493.8,"",19370.9,"",51327.7
12.04.2023 00:00:00,14892.4,6275,4497.3,4494.1,15975.7,"",39056.6
13.04.2023 00:00:00,19762.7,6274.5,4494.9,"",17751.3,"",44758.1
14.04.2023 00:00:00,9925.5,6267.8,4495.7,4494.2,23713.9,"",64431.5
15.04.2023 00:00:00,14887.8,6277,"",8991.6,19173.9,"",38778.8
16.04.2023 00:00:00,19860.8,6270.6,4509.2,"",22670.7,"",64430.2
17.04.2023 00:00:00,19861.8,6271.6,13487.6,4493.1,17636.9,"",45337.7
18.04.2023 00:00:00,19863.8,6277.8,"",4500.9,19302.8,"",45609.8
19.04.2023 00:00:00,14890,"",4496.7,4493.1,23713.5,"",51324.3
20.04.2023 00:00:00,19856.1,12545.9,4518.4,"",19605.4,"",58446.2
21.04.2023 00:00:00,19863.5,"",4496.9,"",24316.9,"",63876.6
22.04.2023 00:00:00,14897.1,12543.7,8993,"",24349.3,"",71002.3
23.04.2023 00:00:00,19874.2,6267.5,4497.2,4307,21679.3,"",45338
24.04.2023 00:00:00,19852.7,6274.1,4496.5,"",24289.4,"",57890.7
25.04.2023 00:00:00,19861.6,6275.5,4517.9,4496.2,20468.6,"",45347.2
26.04.2023 00:00:00,24628.6,6276.3,"",4497.4,27298.2,"",57887.7
27.04.2023 00:00:00,14900,6266,4497.9,"",18121.5,"",45620.5
28.04.2023 00:00:00,19859.6,6268.5,4494.9,4495.8,27636,"",57902.5
29.04.2023 00:00:00,14893.8,6270,8991.3,4489.5,22828.9,"",51901.9
30.04.2023 00:00:00,34768.9,6268.7,"","",26082.3,"",52181.1
01.05.2023 00:00:00,9928.6,6265.3,4482.2,4496.1,24959.5,"",58453.7
02.05.2023 00:00:00,19856,6275.6,4500.9,4496,23825.6,"",38500.6
03.05.2023 00:00:00,24831.6,6273,"",4494.1,18751.3,"",45356.7
04.05.2023 00:00:00,14895.4,6275,4495.6,8986.3,17662.4,"",38502.8
05.05.2023 00:00:00,24633.4,6269.2,4496.5,"",18848,"",51906.8
06.05.2023 00:00:00,24822.4,6270.1,4494.4,"",22119.8,"",51344.7
07.05.2023 00:00:00,19855.5,6269.7,"",4492.7,23827.6,"",45617.8
08.05.2023 00:00:00,19850.9,6270.8,4493,4496.7,17679.5,"",45060.9
09.05.2023 00:00:00,19672.4,6275.6,"","",18204,"",45345.5
10.05.2023 00:00:00,19853.7,6270.9,"",4497.2,20547.4,"",45068
11.05.2023 00:00:00,24822,6272.9,4499,"",16181.7,"",32227.5
12.05.2023 00:00:00,14893.1,6266.2,4493.6,"",17808.7,"",38496.7
13.05.2023 00:00:00,24814.2,6266.5,4494.3,"",14952,"",38786.7
14.05.2023 00:00:00,24545.3,6275.6,4494.6,4497.6,20434,"",51615.1
15.05.2023 00:00:00,19864.5,6272.9,4495.1,"",16085.3,"",32229.7
16.05.2023 00:00:00,14891.6,6264.1,4492.8,"",19295.1,"",45062.1
17.05.2023 00:00:00,19856.5,6268.4,4493.8,"",17236.1,"",32228.7
18.05.2023 00:00:00,19582,6269.5,4494.6,"",20956.3,"",45063.8
19.05.2023 00:00:00,19861.7,6266.1,4502.8,"",17686.6,"",32230.6
20.05.2023 00:00:00,19854.9,6267.8,"",4494.2,16114.6,"",38508.5
21.05.2023 00:00:00,24824.5,12540.7,8995.3,"",20848.3,"",44785
22.05.2023 00:00:00,19855.1,"","",4498.2,19455.4,"",38416.2
23.05.2023 00:00:00,14893.8,6269,4502.6,"",17260.2,"",38787.2
24.05.2023 00:00:00,24730.8,6269.3,4493.7,"",18128,"",44792.1
25.05.2023 00:00:00,14703.7,6270.7,"","",16472,"",32504.2
26.05.2023 00:00:00,24824.2,6268.2,4495.2,"",17511,"",38500.5
27.05.2023 00:00:00,24813.4,6270.5,4491.9,"",21346.5,"",32508.2
28.05.2023 00:00:00,14885.9,6267.2,8902.6,4496.4,19829.8,"",51341
29.05.2023 00:00:00,24820,6270,"","",19385.9,"",38788.8
30.05.2023 00:00:00,14895,6268.8,"",4500,19382.9,"",44782.3
31.05.2023 00:00:00,19860.1,6274.1,"","",16332.2,"",38504.9
01.06.2023 00:00:00,14886,"",4493.5,"",19585.3,"",32504
02.06.2023 00:00:00,14890.4,6268.8,"",4496.3,16625.2,"",38782.9
03.06.2023 00:00:00,29678.8,6268.5,4504.8,"",17716,"",32503.7
04.06.2023 00:00:00,19857.5,6272.7,4504.8,"",14460.8,"",38780.9
05.06.2023 00:00:00,19865.4,6272.6,"",4506.2,19811,"",32500.9
06.06.2023 00:00:00,19756,6271.9,4496.2,4499.4,17563.7,"",32504
07.06.2023 00:00:00,24816.2,6265.7,4497.5,"",20573.2,"",45335.2
08.06.2023 00:00:00,14893.7,6266.3,4492.3,4511.4,17975.8,"",25953
09.06.2023 00:00:00,19855.3,"",4491.1,"",14997.4,"",45330
10.06.2023 00:00:00,19857.8,6265.6,"",4496.2,18272,"",38792.4
11.06.2023 00:00:00,19864.3,6272.6,"",8997.1,22402,"",38769.6
12.06.2023 00:00:00,19854.5,6275.8,"",4493.3,16507,"",45061.7
13.06.2023 00:00:00,19860.1,6268,4494.7,"",19460.7,"",38214.6
14.06.2023 00:00:00,14882.6,6269.5,"",8994.4,18862.6,"",44773.6
15.06.2023 00:00:00,24818.3,"",4492.2,"",20464.5,"",38784.9
16.06.2023 00:00:00,19869,6273.1,4501.1,4492.7,16743.4,"",31942.9
17.06.2023 00:00:00,24820.6,6270.6,4498.1,"",19708.9,"",45327.6
18.06.2023 00:00:00,24829,6276.9,4493.6,8992.7,19124.5,"",45328.2
19.06.2023 00:00:00,9924.7,"",4492.9,"",23742.8,"",38495.8
20.06.2023 00:00:00,19769.3,6271,8985.2,4494.5,17343.7,"",31940.5
21.06.2023 00:00:00,24826.3,6269,"",4519.3,17216.6,"",39055
22.06.2023 00:00:00,24807.7,6264.6,8991.1,4494.3,17191.1,"",38415.3
23.06.2023 00:00:00,19849.6,6266.9,8991.1,"",18692.6,"",38203
24.06.2023 00:00:00,24812.6,6267.2,4496.2,4496,20595.8,"",39050.3
25.06.2023 00:00:00,14883.1,"",8985.7,8984.9,27724.1,"",58142
26.06.2023 00:00:00,24816.8,6260.3,4494,"",20453.8,"",44756
27.06.2023 00:00:00,19755.9,6266.2,4494.4,4495,18864.5,"",51597
28.06.2023 00:00:00,19848.6,6267.5,"",8989.4,23355.9,"",38756.1
29.06.2023 00:00:00,29764.6,"",8990.6,"",20475.5,"",51882.1
30.06.2023 00:00:00,14883.2,6552.9,4496.3,"",19311.3,"",32488.7
01.07.2023 00:00:00,19749.8,6178.5,4455.6,"",17930.4,"",44760.6
02.07.2023 00:00:00,19847.9,6240.4,"",4492.2,23206.4,"",51314
03.07.2023 00:00:00,19851.6,6268.1,4495.2,4492.5,21168.4,"",51588.5
04.07.2023 00:00:00,14888.8,6264.5,9068.8,4496.7,18926,"",44753.4
05.07.2023 00:00:00,24802.1,6267.3,"","",19998.6,"",45028.8
06.07.2023 00:00:00,9925.4,6267.4,"","",22612.8,"",38200
07.07.2023 00:00:00,24809.4,6270.7,"","",18371,"",45027.2
08.07.2023 00:00:00,19847.6,6272,"","",18310,"",58411
09.07.2023 00:00:00,24813.5,6271.5,"","",22834.4,"",51295.7
10.07.2023 00:00:00,19846.6,6267.9,"","",18326,"",38477.5
11.07.2023 00:00:00,19844.3,6267.5,"","",19842,"",45027.6
12.07.2023 00:00:00,14608.5,6267.8,4494.9,4561.2,16693,"",44745.2
13.07.2023 00:00:00,19847.4,6269.6,"","",14830,"",38479.9
14.07.2023 00:00:00,19849.4,6266.3,"",4493.7,14973,"",32480.1
15.07.2023 00:00:00,24809.5,6269,"","",19380.1,"",49635.9
16.07.2023 00:00:00,19846.6,"",8987,8988,17766.6,"",38471.7
17.07.2023 00:00:00,29770.4,"","",4494,16012.2,"",45306.3
18.07.2023 00:00:00,19757.5,6268.4,4493.3,4495.1,19971.8,"",39034.8
19.07.2023 00:00:00,19753,6270.8,4494.5,4494.5,19309.2,"",44753
20.07.2023 00:00:00,24710.3,6271.4,13483.5,4514.2,23743.1,"",45301.3
21.07.2023 00:00:00,19848.2,6272.6,4495.8,"",18794.6,"",45593.9
22.07.2023 00:00:00,19850.9,6962.5,9041.9,8987.2,20558.6,"",45309.5
23.07.2023 00:00:00,24809.5,6270.4,8987,"",26578.3,"",45313.5
24.07.2023 00:00:00,19845.7,6268.4,4495.1,4505.3,20459.7,"",45597
25.07.2023 00:00:00,19846.9,6269.4,"","",20676.4,"",45309.4
26.07.2023 00:00:00,19850.3,6264.4,9044,"",20492.6,"",32486.2
27.07.2023 00:00:00,14890.1,6267.1,4496.9,9000,17246.6,"",45312
28.07.2023 00:00:00,24810.6,6260.4,"",9009.4,26560.4,"",45314.3
29.07.2023 00:00:00,14885.1,6270.4,4497.3,4542.4,23849,"",45317.2
30.07.2023 00:00:00,24804.4,6269.8,4506,4494.4,23354.4,"",45320
31.07.2023 00:00:00,19850.9,6266.5,"","",22103,"",45594.5
01.08.2023 00:00:00,24812.5,6266.6,4509.3,4502.5,25504.4,"",45320.7
02.08.2023 00:00:00,19846.3,6274,4494.7,"",20563.5,"",45315.2
03.08.2023 00:00:00,19847.3,6269.2,4497.5,8991.3,20470,"",39046.6
04.08.2023 00:00:00,24711,6266.4,4494.1,4403.4,20585.9,"",45312
05.08.2023 00:00:00,19756.2,6266.6,4527.4,"",23307.9,"",45319.2
06.08.2023 00:00:00,24811.7,6266.8,4508.1,4494.2,20726.6,"",45307.2
07.08.2023 00:00:00,24806,"",4497.3,"",26213.9,"",51868.5
08.08.2023 00:00:00,19846.4,6269.4,4495.2,4562.5,22228.4,"",58141.1
09.08.2023 00:00:00,19840.8,6267.6,4516.3,"",23121,"",39318.8
10.08.2023 00:00:00,19847.5,6266.9,9006.1,"",18950.4,"",45308
11.08.2023 00:00:00,19851.5,6265.8,4562,"",17195,"",57854.1
12.08.2023 00:00:00,14885.8,6267.8,9006.9,"",25470.1,"",31922.4
13.08.2023 00:00:00,29772.7,6268.3,4529.1,4541.5,17802.5,"",51303.8
14.08.2023 00:00:00,14884.7,6265.1,"",9004.5,17146.5,"",45024.7
15.08.2023 00:00:00,24801.8,6267.4,"",4563,17713.6,"",38764.1
16.08.2023 00:00:00,19854.4,6270.3,"","",19638.3,"",50739
17.08.2023 00:00:00,24806.8,"","","",17719.3,"",51304.9
18.08.2023 00:00:00,14887,6266.2,"","",18866.3,"",32489.2
19.08.2023 00:00:00,24713.6,6269.4,"","",21588,"",51580
20.08.2023 00:00:00,19844.1,6268.9,"","",19975,"",57861.6
21.08.2023 00:00:00,24816.9,6271.2,"","",19912,"",45314.3
22.08.2023 00:00:00,19841.7,6266.9,"","",16498,"",38761.6
23.08.2023 00:00:00,19664.5,6268.7,"","",18162,"",38759.8
24.08.2023 00:00:00,19847.2,6272.4,"","",18118,"",45309.2
25.08.2023 00:00:00,14791,6268.5,"","",16532,"",32488.9
26.08.2023 00:00:00,24812.7,6272,"","",16505,"",45309.4
27.08.2023 00:00:00,29767.5,6272.8,"","",19916,"",32484.9
28.08.2023 00:00:00,19848.8,6270,"","",16589,"",45309.3
29.08.2023 00:00:00,9831,6269.7,"","",19803,"",51863.3
30.08.2023 00:00:00,19848.6,6267,"","",18245,"",57847.9
31.08.2023 00:00:00,29778.9,"","","",24841,"",45035.1
01.09.2023 00:00:00,14797.5,6267.9,"","",13281,"",45307.4
02.09.2023 00:00:00,19753.4,6265.4,"","",18195,"",44750.8
03.09.2023 00:00:00,19748.1,6269.1,"","",19856,"",45589.1
04.09.2023 00:00:00,14893.6,"","","",16598,"",44475.4
05.09.2023 00:00:00,"",6265.3,"","",13212,"",57578.6
06.09.2023 00:00:00,14885.1,"","","",13158,"",45592
07.09.2023 00:00:00,14887.1,6266.6,"","",14991,"",45040.5
08.09.2023 00:00:00,14889.2,"","","",18177,"",51016.7
09.09.2023 00:00:00,14888.6,6271.1,"","",19992,"",45028.9
10.09.2023 00:00:00,9735.6,6268.7,"","",18409,"",51299
11.09.2023 00:00:00,9919.9,6268,"","",18340,"",38476
12.09.2023 00:00:00,14890.4,6268.3,"","",18364,"",45314.7
13.09.2023 00:00:00,24807.1,6271.1,"","",13253,"",64411.4
14.09.2023 00:00:00,19753.3,6265.8,"","",21442,"",45027.9
15.09.2023 00:00:00,9923,"","","",14949,"",32490.7
16.09.2023 00:00:00,9927.6,12445.7,"","",14883,"",45026.2
17.09.2023 00:00:00,24816.7,6232.2,"","",16612,"",44754.7
18.09.2023 00:00:00,19848.8,6267.7,"","",18231,"",38477.2
19.09.2023 00:00:00,9925.2,6266.2,"","",18235,"",45319.3
20.09.2023 00:00:00,19850.7,6269,"","",18282,"",38476
21.09.2023 00:00:00,19669.3,6267.4,"","",16577,"",38766
22.09.2023 00:00:00,19848.8,6271.6,9033.8,"",18305,"",38764.1
23.09.2023 00:00:00,24812.8,6269.7,4491,4498.6,16542,"",38480.2
24.09.2023 00:00:00,24815.7,6267.1,4491.1,"",17724.5,"",44756.7
25.09.2023 00:00:00,24811.9,6269,4501.9,"",17668.9,"",38665
26.09.2023 00:00:00,24818.6,6266.9,4491.4,"",17203.3,"",25935.4
27.09.2023 00:00:00,14883.7,"","","",15999.6,"",45034.5
28.09.2023 00:00:00,19380.9,6268.2,4494.6,4494.6,14847,"",25934.4
29.09.2023 00:00:00,24809.4,6268.4,"","",22566.9,"",38761.4
30.09.2023 00:00:00,29772.5,6267.8,4495.6,"",20573.7,"",38758.8
01.10.2023 00:00:00,14887.5,6267.5,4501.9,4493,21032.6,"",45307.7
02.10.2023 00:00:00,"","",4523.8,"",20937.9,"",38480.7
03.10.2023 00:00:00,14889.9,"","","",11029,"",45308.8
04.10.2023 00:00:00,58644.1,"","",4494.6,13194,"",51576.3
05.10.2023 00:00:00,14888.5,"","","",18715.4,"",51590.4
06.10.2023 00:00:00,14885.3,"",4494.4,"",15507.6,"",51580.8
07.10.2023 00:00:00,14884.3,6270.5,4492.2,"",14883,"",57859
08.10.2023 00:00:00,14884,"","",4493.4,20881.8,"",51308.5
09.10.2023 00:00:00,9921.4,6270.3,"","",19348.9,"",39037.9
10.10.2023 00:00:00,19851.8,"","","",17706.9,"",51031.2
11.10.2023 00:00:00,14886.3,6266.6,"",8987.3,17591,"",51856.3
12.10.2023 00:00:00,19856.9,6270.2,"",4493.9,15997.9,"",32487.8
13.10.2023 00:00:00,4963.9,6264.8,"",8985,15496.8,"",32479.8
14.10.2023 00:00:00,"",6271.8,4492.9,4495,14891,"",57290
15.10.2023 00:00:00,"",6268.3,"","",16005.9,"",39033.3
16.10.2023 00:00:00,14884.9,6267.9,"","",20494.4,"",57849.6
17.10.2023 00:00:00,14793.2,6268.8,"",4492.8,17685,"",39043.6
18.10.2023 00:00:00,24808.7,6269.7,"","",21937.1,"",63833.9
19.10.2023 00:00:00,19853.5,6269.7,"",4495.2,21217.4,"",38760.5
20.10.2023 00:00:00,19857,12540.1,4491.6,4512.8,22644.3,"",51865.7
21.10.2023 00:00:00,14884.2,6267.7,8990.7,"",22041.8,"",57856.55
22.10.2023 00:00:00,14884.2,6274.4,"","",22127.7,"",51868.2
23.10.2023 00:00:00,19747.7,6271,4502,"",18720.1,"",57857.7
24.10.2023 00:00:00,19845.6,6270.5,4495,4495.9,18160,"",39047.5
25.10.2023 00:00:00,9923.9,12529.7,4491.7,"",14895,"",51868.9
26.10.2023 00:00:00,19755.8,6268.1,4511.3,"",20970.4,"",51869.6
27.10.2023 00:00:00,14797.9,6259.2,4494.9,"",17774.5,"",32502
28.10.2023 00:00:00,19851,6266.1,9017.9,"",19645.8,"",45590.3
29.10.2023 00:00:00,19847.9,6264.7,"","",19702.4,"",64702.6
30.10.2023 00:00:00,24805.9,12536.2,"","",19764.5,"",39040.6
31.10.2023 00:00:00,14882.1,6272.1,"","",21490,"",52147.8
01.11.2023 00:00:00,14888.3,6175.7,"","",21562,"",51877.6
02.11.2023 00:00:00,4773.7,6267.1,"","",14855,"",45315.3
03.11.2023 00:00:00,14885.3,6268.2,"","",16567,"",51871.8
04.11.2023 00:00:00,19654.2,6261.2,"","",16462,"",57854.2
05.11.2023 00:00:00,19852,6265.8,"","",19839,"",44472.3
06.11.2023 00:00:00,14885.4,6261.4,"","",14813,"",51581.2
07.11.2023 00:00:00,24816.1,6267.2,"","",19894,"",51300.4
08.11.2023 00:00:00,19842.2,6266.5,"","",16508,"",116827.6
09.11.2023 00:00:00,9927.7,6265.4,"","",21505,"",51579.3
10.11.2023 00:00:00,19848.4,6270,"","",16730,"",38477.6
11.11.2023 00:00:00,24806,6268.9,"","",19891,"",45313.4
12.11.2023 00:00:00,19846.9,6269.4,"","",18229,"",57847
13.11.2023 00:00:00,14883.3,6266.4,"","",21622,"",51296.5
14.11.2023 00:00:00,19855.2,12532.8,"","",16479,"",51297.9
15.11.2023 00:00:00,24809.2,6264.5,"","",18202,"",51297.3
16.11.2023 00:00:00,19851.7,6265.3,"","",21429,"",45586.9
17.11.2023 00:00:00,19662.4,6264.1,"","",16514,"",38196.1
18.11.2023 00:00:00,9922.9,6271.6,"","",11608,"",45586.1
19.11.2023 00:00:00,19846.9,"","","",13271,"",19375.1
20.11.2023 00:00:00,19854.5,12534.8,"","",14851,"",51301.4
21.11.2023 00:00:00,19845,12539.8,"","",16640,"",45307.9
22.11.2023 00:00:00,9926.2,"",4506.4,"",14801,"",51296
23.11.2023 00:00:00,4966.7,12534.9,"",4494.1,13157,"",45024.6
24.11.2023 00:00:00,"",6270.4,4497.7,"",20935.8,"",58420.9
25.11.2023 00:00:00,14887.3,6272.1,8992.3,4494.3,15967.4,"",51307.2
26.11.2023 00:00:00,9921.7,6266.8,4499.3,4492.4,16097.7,"",45309.6
27.11.2023 00:00:00,19850,6267,"",4497.3,19418.3,"",57863.2
28.11.2023 00:00:00,14876.5,6272.8,"",8984.5,20931,"",51867.3
29.11.2023 00:00:00,24812.8,6264.4,4492.8,"",23697.1,"",51301.3
30.11.2023 00:00:00,9920.1,6265.4,4499.9,"",19421.8,"",45594.4
01.12.2023 00:00:00,19853.4,6269.9,"","",22077.9,"",58417.2
02.12.2023 00:00:00,4960.5,6267.4,"",4499.8,22206.5,"",58419.5
03.12.2023 00:00:00,14890.6,6266.8,4491.4,4492.8,18084,"",51300.7
04.12.2023 00:00:00,"",6268.8,9034.3,"",15389.2,"",64417.1
05.12.2023 00:00:00,"",6269.5,4491.2,"",19912.9,"",44748.5
06.12.2023 00:00:00,"",6267.9,4493,"",18747.8,"",51873.3
07.12.2023 00:00:00,"",12537.9,8995.4,"",16000.6,"",51303
08.12.2023 00:00:00,9925,"","",4491.7,14917,"",38484.8
09.12.2023 00:00:00,9925.9,12535.4,"","",14992,"",39033.1
10.12.2023 00:00:00,19848.3,6262.6,"","",16045.7,"",57301.8
11.12.2023 00:00:00,9923.9,6267.9,"","",18197,"",51306.3
12.12.2023 00:00:00,9922,6271.6,"","",14829,"",51874.8
13.12.2023 00:00:00,14885.5,6268.1,"","",14834,"",51302.2
14.12.2023 00:00:00,14889.4,12530.9,"","",16539,"",38762.3
15.12.2023 00:00:00,9828.6,6269.2,"","",18308,"",57862.3
16.12.2023 00:00:00,19844.2,6270.5,4495.2,"",14947,"",45035.4
17.12.2023 00:00:00,14887.7,6262.9,4494.3,"",23172,"",51583.7
18.12.2023 00:00:00,19848.6,6268.8,"","",17664.2,"",58144.1
19.12.2023 00:00:00,24716.2,6266,"",4402.8,16623,"",51304.1
20.12.2023 00:00:00,14886,"",4309.8,"",24219.3,"",51868.5
21.12.2023 00:00:00,14885.7,12531.1,4495,"",14706,"",44751.3
22.12.2023 00:00:00,14884.2,6266.1,4496.7,8893.8,18101,"",57853.6
23.12.2023 00:00:00,14878.3,6270.6,"","",23186,"",45031.8
24.12.2023 00:00:00,14888.7,6267.9,4496.3,"",19323.9,"",45310.3
25.12.2023 00:00:00,9920.6,"",4494.1,4495.4,17001.5,"",57571.8
26.12.2023 00:00:00,4962.1,"","","",17703.3,"",58414.1
27.12.2023 00:00:00,9826.7,6262.4,8988.8,"",16267,"",44751.5
28.12.2023 00:00:00,19847.4,12530.6,"","",22052.5,"",51772
29.12.2023 00:00:00,19845,6270,"",8998.2,20018.1,"",38476.4
30.12.2023 00:00:00,4960.2,6264.1,"",4491.4,16422,"",45309.2
31.12.2023 00:00:00,"",6263.9,4491.8,"",12666.7,"",45589.5
01.01.2024 00:00:00,14787.8,6077.9,4492.5,"",15975.2,"",38758.5
02.01.2024 00:00:00,4960,12536.7,4492.7,"",17697,"",51865.7
03.01.2024 00:00:00,19849.3,"",4492.1,4496.3,20875.5,"",57851.6
04.01.2024 00:00:00,"",6262.9,"",4490.5,16079.6,"",51303.1
05.01.2024 00:00:00,14793,6264.6,4491.5,4499.9,17495,"",51866.5
06.01.2024 00:00:00,4961.3,12532.6,4492.3,"",15934.9,"",51302.9
07.01.2024 00:00:00,14882.8,6265.8,8986.4,"",19889.5,"",45019.7
08.01.2024 00:00:00,"",6263.6,8984.7,"",19373.5,"",51305.2
09.01.2024 00:00:00,9925.8,6270.6,4493.5,4490,18937.9,"",57849.1
10.01.2024 00:00:00,14878.3,"",8988.5,"",16558,"",39033
11.01.2024 00:00:00,14791.4,12438.9,"",4494.3,13071.8,"",51294.3
12.01.2024 00:00:00,4964,12498,8987,4493.3,20980.5,"",32481.6
13.01.2024 00:00:00,9924.7,"","","",20606.7,"",64398.6
14.01.2024 00:00:00,9927,6264.6,4497,"",16530,"",57853
15.01.2024 00:00:00,9922.5,12503,8987.4,4493.9,17753.3,"",25925.9
16.01.2024 00:00:00,19845.9,6263.2,8986.9,"",14719.5,"",25370.6
17.01.2024 00:00:00,14877.9,12532.9,"",4491.7,11355.3,"",44744.3
18.01.2024 00:00:00,19842.9,6269.3,8983.2,"",15976.1,"",45302.8
19.01.2024 00:00:00,14794,"",4491.5,"",19947.5,"",25931.4
20.01.2024 00:00:00,19845.4,"",8989.5,"",20755.3,"",57290.7
21.01.2024 00:00:00,19850.3,12535.2,449.3,"",16589,"",51298.3
22.01.2024 00:00:00,19842.8,6260.9,8994.4,4494.2,22419,"",57844
23.01.2024 00:00:00,19840.8,6264.7,"",4502.3,17797.4,"",45302.3
24.01.2024 00:00:00,19852.3,6272.2,8992.9,4493.2,22598.8,"",51862.7
25.01.2024 00:00:00,19757.4,6265.3,"","",22676.5,"",39027.6
26.01.2024 00:00:00,14885.5,6263.9,8983.5,"",20358.7,"",51198.1
27.01.2024 00:00:00,14887.4,12522.2,"","",21427,"",64310.3
28.01.2024 00:00:00,19845.1,6268.7,4492.3,4492.6,20962.4,"",51194.6
29.01.2024 00:00:00,19842.7,6270.8,4496.4,"",22252,"",51863.3
30.01.2024 00:00:00,19845.8,6266,"",4497.9,22609.6,"",45298.2
31.01.2024 00:00:00,19844.6,6268.4,8892.3,4500.1,19508.6,"",51864.2
01.02.2024 00:00:00,9922.9,"",4490.7,4497.2,19448.8,"",51855.7
02.02.2024 00:00:00,4962,6265.2,4496.1,"",20862.3,"",51864.1
03.02.2024 00:00:00,14885.4,6267.3,4494.8,4494.7,20553.2,"",51011.9
04.02.2024 00:00:00,19753.8,6268.1,8988.3,"",16001.4,"",51869.8
05.02.2024 00:00:00,9924.3,6168.5,4499.1,"",19213,"",45019.5
06.02.2024 00:00:00,19562.8,6237.1,4492.3,4495.9,18820.5,"",44750.8
07.02.2024 00:00:00,14884.2,6267.7,4494.9,"",17903.6,"",57759.8
08.02.2024 00:00:00,14886.1,6265.8,8985.5,"",24708.1,"",51865.6
09.02.2024 00:00:00,14885.2,6263.3,4494.1,4501,17285.3,"",51296.5
10.02.2024 00:00:00,14887.8,6260.5,8993.4,"",20277.8,"",51581.2
11.02.2024 00:00:00,9923.7,12532.3,4497.4,4495.7,20455,"",57857.1
12.02.2024 00:00:00,19844.8,6263.4,8995.6,4494.8,19822,"",51862.6
13.02.2024 00:00:00,14882.6,12526.6,4493.6,"",17508.9,"",51301.3
14.02.2024 00:00:00,14879.5,6268.1,"",4499.9,19639.3,"",45309.8
15.02.2024 00:00:00,14884.1,6265.1,4502,"",16450,"",57853.8
16.02.2024 00:00:00,14884.2,"",8984.9,"",16470,"",57855.9
17.02.2024 00:00:00,19842.9,"",8987.9,"",19300.3,"",51302.9
18.02.2024 00:00:00,14884.5,6267.9,4493.5,"",19161.4,"",45316
19.02.2024 00:00:00,9925.2,6267.9,8986,"",24214,"",57855.5
20.02.2024 00:00:00,19846.1,6266.9,"",4494,19885,"",57846.9
21.02.2024 00:00:00,14879.9,6261.6,"",8993,16428,"",45306.8
22.02.2024 00:00:00,9921.4,6266.9,4495.9,8992.3,20509.4,"",45308.7
23.02.2024 00:00:00,14883.9,6267.8,"","",24148.9,"",57849.5
24.02.2024 00:00:00,14885.1,6171,4491.9,"",19283,"",57839.7
25.02.2024 00:00:00,14886.2,6267.8,4498,"",23837.2,"",45306.7
26.02.2024 00:00:00,14888.8,6172.9,"","",18723.7,"",57853.2
27.02.2024 00:00:00,24801.7,"","","",22885,"",58410.6
28.02.2024 00:00:00,34734.5,12507.5,4496.3,4493.8,19361.4,"",51863.8
29.02.2024 00:00:00,19749,"",8989.3,"",19397.2,"",45306.2
01.03.2024 00:00:00,19848.9,12534,4494.9,"",21357.3,"",51871.4
02.03.2024 00:00:00,14884.8,12526.5,4495.6,4498.1,22967.5,"",51858.2
03.03.2024 00:00:00,19849,6268.3,8993.4,"",23393,"",51584.2
04.03.2024 00:00:00,24706.9,6262.8,4524,4497.9,19958,"",51298.7
05.03.2024 00:00:00,14887.9,6266.5,4504.7,4494.9,16249.4,"",51300.9
06.03.2024 00:00:00,14698.1,6262.9,8987.6,"",19454.5,"",32481.5
07.03.2024 00:00:00,14790.5,6265.8,4491.9,4503.5,19229.1,"",54748.1
08.03.2024 00:00:00,14789,6267.4,"",8986.1,19564.5,"",51583.9
09.03.2024 00:00:00,19845.9,6264,8990,4499.4,22670.7,"",51585.4
10.03.2024 00:00:00,14887.9,6266.6,4495.5,4494.8,19061.8,"",51293.3
11.03.2024 00:00:00,14787.2,6264.4,8989.7,"",24052.3,"",51291.8
12.03.2024 00:00:00,14788.2,6264.4,4502.5,4495.1,15918.7,"",45589.3
13.03.2024 00:00:00,14887,6078.6,8989.7,"",16210.1,"",51293.9
14.03.2024 00:00:00,19844.2,"",4501.3,4497.2,16191.2,"",45305.2
15.03.2024 00:00:00,14878.9,12501,"",4491.3,27080.7,"",45591.5
16.03.2024 00:00:00,14890.4,"",9002.6,4498.2,19381.1,"",51296.7
17.03.2024 00:00:00,14879.3,12530.8,4493,4496.4,18805,"",57855.9
18.03.2024 00:00:00,9922.2,6270.4,9003.9,"",24176.8,"",51299.6
19.03.2024 00:00:00,24808.7,6258.3,"",4494.1,15987.2,"",45590
20.03.2024 00:00:00,19837.4,6265.3,"",4494.4,21557.8,"",51019.4
21.03.2024 00:00:00,19843.6,6270.4,8993.8,"",20443.3,"",51581.6
22.03.2024 00:00:00,9925.5,6265.5,4509.3,4492.4,20431.8,"",38475.4
23.03.2024 00:00:00,19752.2,6262.8,4490.9,"",19064.4,"",57851.9
24.03.2024 00:00:00,24806.1,6267.7,8990,8986.7,19094,"",45022.4
25.03.2024 00:00:00,14885.9,6262.8,8988.1,4496.4,20587.5,"",58128.1
26.03.2024 00:00:00,19846.4,6266.5,4492.7,"",19092,"",45029.1
27.03.2024 00:00:00,4962.8,6264,8985.7,8989.3,20489,"",45307.3
28.03.2024 00:00:00,"",6266.5,4497.5,4494.3,19910.2,"",51855.3
29.03.2024 00:00:00,14784.5,6264.6,8989.1,"",22102.4,"",45586.5
30.03.2024 00:00:00,19841.1,12534.7,8990.5,4497.7,16051.4,"",45297.4
31.03.2024 00:00:00,14886.9,6265.2,4491.8,4493.7,20470.8,"",45583.1
01.04.2024 00:00:00,19851.6,6269.8,"",4505.8,18976,"",45304.2
02.04.2024 00:00:00,19843.5,12530.7,4491.7,4399.4,14459.6,"",39028.5
03.04.2024 00:00:00,19847.8,6266.9,"","",17973,"",51858
04.04.2024 00:00:00,14792.9,6262.4,13484.9,4496,22371.4,"",38468.9
05.04.2024 00:00:00,9829.8,6266.4,"",4493.5,15020,"",57852
06.04.2024 00:00:00,24802.2,6263.4,4495.3,4494.3,20887.9,"",38475.5
07.04.2024 00:00:00,19752.2,6259,8989.8,"",21589.8,"",58130.2
08.04.2024 00:00:00,19759.4,6258.1,4496.6,4496.8,19044.5,"",45023.4
09.04.2024 00:00:00,19848,6262.1,4498.4,4494.5,18794.8,"",38754.8
10.04.2024 00:00:00,9920.1,6263.7,8980.2,8991.7,17080.2,"",38475.5
11.04.2024 00:00:00,19841.4,"",8992,"",17211.7,"",26213.7
12.04.2024 00:00:00,14886.9,"",4494.3,4494.2,13882.3,"",51294.4
13.04.2024 00:00:00,14882.8,6267.3,4490.1,"",16477,"",51022.1
14.04.2024 00:00:00,19848.1,6262.8,"",4506.8,16032.5,"",45033.9
15.04.2024 00:00:00,19757.9,6268.6,4499.6,4498.9,17621.6,"",51298.7
16.04.2024 00:00:00,14787.8,6265,4497.9,4498.1,13992.7,"",24815.8
17.04.2024 00:00:00,14874.5,6266.6,"","",13264,"",19371.4
18.04.2024 00:00:00,14877.9,6266.8,8990,8994.8,13191,"",39027.9
19.04.2024 00:00:00,14882.6,6265.7,"",4500.5,13153,"",45032.4
20.04.2024 00:00:00,14880.9,6268.9,4496.5,"",21167.1,"",51567.3
21.04.2024 00:00:00,24812.1,"",4494.7,4496.2,17621.4,"",45033.2
22.04.2024 00:00:00,14876.9,6264.5,4495.9,4492.8,16412.6,"",51856.8
23.04.2024 00:00:00,14881.4,6266.2,8996.3,4492.1,20547.4,"",52137
24.04.2024 00:00:00,19844.5,6265.7,8983.6,4499.4,19509.8,"",39034.2
25.04.2024 00:00:00,19838.8,6266.6,8899.8,"",19165.4,"",32485.2
26.04.2024 00:00:00,14885.3,6265.3,4502.1,8990.8,17979.9,"",58410.3
27.04.2024 00:00:00,24813.7,6262.3,"",4493.7,22493.3,"",45587.7
28.04.2024 00:00:00,19838.9,6266.8,4397,"",21115.3,"",45587.3
29.04.2024 00:00:00,14886.2,6266.4,8897.5,8988,16319.2,"",38744.2
30.04.2024 00:00:00,14880.9,6266.2,8994,"",22031.4,"",45588.8
01.05.2024 00:00:00,19842.9,6267,4393.9,8898.1,17206,"",32483.5
02.05.2024 00:00:00,19848.6,6263.4,4494.3,4495.2,19992.9,"",58411.4
03.05.2024 00:00:00,14885.1,6267.1,4493.9,4495.4,22193.3,"",39034.4
04.05.2024 00:00:00,14884.6,6262.8,4503,9009.3,17706.6,"",45025.5
05.05.2024 00:00:00,24715.1,6264.4,4495.4,4492.9,21607.1,"",38189.8
06.05.2024 00:00:00,9923.7,6265.4,4495.7,4494.9,18224.6,"",51581
07.05.2024 00:00:00,19844.9,6265.4,4499,4496.2,18258,"",39027.6
08.05.2024 00:00:00,14886.4,6263.9,4489.9,4495.3,19916,"",57848.4
09.05.2024 00:00:00,24807,6260.2,4492.1,4507.2,19293.2,"",45019.4
10.05.2024 00:00:00,9921.9,6261.6,"",8989.2,20550.8,"",32476.8
11.05.2024 00:00:00,19846.1,6265.8,"",4494.1,20535.4,"",51567
12.05.2024 00:00:00,14885.7,12531.7,"",9008.3,23974.8,"",45296.2
13.05.2024 00:00:00,19847.8,6262,"",4494.5,15470.4,"",38470.7
14.05.2024 00:00:00,19844.8,6266.5,4404,4401.5,13985.5,"",45297
15.05.2024 00:00:00,14791,6258.8,8989.3,"",22118.2,"",38470.7
16.05.2024 00:00:00,24801.7,12532.6,9004.4,4493.9,19351.2,"",45019.3
17.05.2024 00:00:00,19847,6260.4,4495.4,"",16039.2,"",45018.6
18.05.2024 00:00:00,19844.5,6267.9,4512,9010.8,20601.3,"",38752
19.05.2024 00:00:00,14881.4,12532.2,8996.5,"",20934.4,"",45021.6
20.05.2024 00:00:00,24800.5,6265.3,4496.9,9006.4,21167.5,"",44742
21.05.2024 00:00:00,14882.8,6268.5,4500.8,"",15924,"",45020.5
22.05.2024 00:00:00,19838.9,6270.9,8988.8,4496.7,16443.1,"",31915.1
23.05.2024 00:00:00,14880.7,6265.7,4491.8,4494.1,15623.6,"",39035
24.05.2024 00:00:00,29677.7,6267.2,4505.8,8989.9,19255.5,"",38467.1
25.05.2024 00:00:00,14880.8,6261.7,4495.4,8995.7,22136.6,"",39034.3
26.05.2024 00:00:00,34635,6261.5,4496.1,4494.6,19355.8,"",45583.7
27.05.2024 00:00:00,14885.8,6263.9,4491.9,13508.6,23357.2,"",39031.7
28.05.2024 00:00:00,24807.4,6265.4,4500.4,4492.4,18825.3,"",39026.6
29.05.2024 00:00:00,19846.1,6260.6,4493,"",18802.3,"",45583.5
30.05.2024 00:00:00,19751.5,6263.2,4495.1,8990.2,21752.5,"",39023.2
31.05.2024 00:00:00,14791.4,12526.7,4501.5,4499,18906.8,"",39032.2
01.06.2024 00:00:00,29764.3,6263,"",8993,18270.1,"",45578.3
02.06.2024 00:00:00,19847.7,"",9003.7,4498.3,20555.7,"",45580
03.06.2024 00:00:00,24807.4,6266.2,4498.3,4495.5,18795.9,"",39029.8
04.06.2024 00:00:00,24715.6,6267.5,4497.1,4492.5,20036.8,"",38467.1
05.06.2024 00:00:00,19844.3,"",4495.2,4418.1,17265.1,"",51289.2
06.06.2024 00:00:00,24796.8,6261.6,4491.8,8987.9,22830.2,"",45021.5
07.06.2024 00:00:00,14888,6266.5,4525.2,4499.4,20423.3,"",44739.7
08.06.2024 00:00:00,19655.7,6270.3,"",4494.7,20672.1,"",38746.7
09.06.2024 00:00:00,24706.2,12527.4,8909.5,"",18489.1,"",51285
10.06.2024 00:00:00,14888.4,6264.2,4495.7,13497,12726.7,"",31916.9
11.06.2024 00:00:00,24814.4,6262,"",4507.6,15482.6,"",25924.8
12.06.2024 00:00:00,24614.4,"","",9000.6,21661.5,"",38471.5
13.06.2024 00:00:00,24813.6,6261.2,"",9027.8,17192.6,"",38457.9
14.06.2024 00:00:00,24711.4,6265.3,4499.4,4505.9,17190.2,"",32481.9
15.06.2024 00:00:00,14882.7,6262.4,"",4496.4,22312.1,"",51295.6
16.06.2024 00:00:00,34730.4,6259.2,9006.6,4496.8,23255.4,"",39034.8
17.06.2024 00:00:00,24804.6,12439.4,4501.5,"",19926,"",44746.2
18.06.2024 00:00:00,19841.7,6248,4509.7,4500.7,20924.6,"",45021.7
19.06.2024 00:00:00,19841,6261.8,"",4498,19456.7,"",45584.7
20.06.2024 00:00:00,19848.1,"",4502.5,8998.9,21607.4,"",50729.7
21.06.2024 00:00:00,24625.1,6263.5,4495.3,4492.3,16633,"",51575.1
22.06.2024 00:00:00,24813.4,6261,8992.5,4492.9,20431.3,"",45304.7
23.06.2024 00:00:00,24803.1,"",4494.4,4497.7,25096.1,"",51862
24.06.2024 00:00:00,29768.5,"",4496.4,8988.5,23337.9,"",45307.8
25.06.2024 00:00:00,14885.3,6270.4,"",4503,22164.3,"",45297.2
26.06.2024 00:00:00,34735.9,"",4503.2,4498.6,18707.4,"",38194.1
27.06.2024 00:00:00,19848.4,"",9016,4494.4,15501.3,"",45013.6
28.06.2024 00:00:00,19849,12530.6,8892.2,8999.4,20601.2,"",51293.4
29.06.2024 00:00:00,24799.4,6265.7,4494.3,4496.9,23854.5,"",38747.8
30.06.2024 00:00:00,24811.1,6265.1,9001.3,4499.6,19953.5,"",45023.9
01.07.2024 00:00:00,14884.6,6272.3,4482.9,8991.4,21675.5,"",38745.1
02.07.2024 00:00:00,19845.7,12533,4501.9,4500.2,24788.2,"",45301.7
03.07.2024 00:00:00,29690.3,6265.1,8990.8,4504.1,24389,"",45298
04.07.2024 00:00:00,29770.7,"",4498.7,8992.4,18867.8,"",51294.4
05.07.2024 00:00:00,24714.1,6265.5,4496.6,"",18531.7,"",44734.8
06.07.2024 00:00:00,24715.6,6264.3,"",13480.9,16729.6,"",38467.1
07.07.2024 00:00:00,14884,6269.9,8898.1,"",24159.7,"",51291.6
08.07.2024 00:00:00,29772.2,"",4494.3,13492.6,17081.1,"",25642.9
09.07.2024 00:00:00,24814.2,12532.2,4492.9,4494.6,20528.8,"",44734.6
10.07.2024 00:00:00,14885.3,6265.8,4490,"",20405.5,"",38469.2
11.07.2024 00:00:00,29762.3,12536.1,4494.9,8991.8,20436.7,"",44734.6
12.07.2024 00:00:00,19838.5,"",4492,4494.6,24466.8,"",38185
13.07.2024 00:00:00,24811.1,12530.4,8991.1,4495,20744.1,"",38761.2
14.07.2024 00:00:00,24811.2,6263.6,4495.5,4494.3,22370.6,"",38189.6
15.07.2024 00:00:00,24805.6,"",4494.6,4494.4,21679.1,"",44753.8
16.07.2024 00:00:00,14890.2,12526.9,"",4492.7,21634.7,"",38485.3
17.07.2024 00:00:00,24699,6269.4,"",8986.6,20408.6,"",45029.6
18.07.2024 00:00:00,24801.4,6265.4,8985,8991.8,15553.2,"",38482.9
19.07.2024 00:00:00,24803.4,6268.9,4494.2,4494.1,20400.7,"",51299.4
20.07.2024 00:00:00,24622.9,6266.8,"",8990.6,19871,"",45028.7
21.07.2024 00:00:00,19847.9,"",4493.8,8987,27248.7,"",51306.4
22.07.2024 00:00:00,19840.5,12534,4494.6,4496.7,22817.2,"",51299.5
23.07.2024 00:00:00,29762.4,6270.2,9009.1,4494.3,23277.1,"",38765.8
24.07.2024 00:00:00,19845.3,6262.8,8986.4,"",21560.9,"",51295.5
25.07.2024 00:00:00,24804.5,6267.4,4496.4,8898.3,24924.5,"",51875
26.07.2024 00:00:00,19851.2,6259.6,4493.2,4496.5,22238.9,"",45585.1
27.07.2024 00:00:00,24806.8,6269.4,"",8996.9,23808.3,"",51306.3
28.07.2024 00:00:00,24798.1,6268.3,8988,4494.7,20488.4,"",45314.5
29.07.2024 00:00:00,24805.2,6260.7,8989.5,4497,20013.3,"",51864.7
30.07.2024 00:00:00,24809,6268.7,4491.7,4497,15439.3,"",25935.5
31.07.2024 00:00:00,19855.5,6263.7,8987.8,4497.1,21546.2,"",51870.5
01.08.2024 00:00:00,19843.6,6264,4510.9,"",23341.6,"",39037.8
02.08.2024 00:00:00,19845.1,"",4493.4,8995.2,18804.6,"",39032.3
03.08.2024 00:00:00,19754.5,12529.5,4492.9,4500.6,19451.4,"",45313.5
04.08.2024 00:00:00,24807.7,6264,8991,4494.7,20039.7,"",39037.4
05.08.2024 00:00:00,19844.7,6262.4,4491.8,4499.9,20483.6,"",51585.1
06.08.2024 00:00:00,24814.7,6265.9,4497.1,4494,18386.8,"",31916.7
07.08.2024 00:00:00,14794.3,6264.5,13393.6,"",17777.6,"",51303.1
08.08.2024 00:00:00,29766.6,6268.5,"",4493.4,18803,"",38479.6
09.08.2024 00:00:00,19844,6262.4,8985.7,4494.6,18908.6,"",39037.7
10.08.2024 00:00:00,24714.3,6264.8,4493.1,"",16693.8,"",19383
11.08.2024 00:00:00,19851.1,"",8992.4,8893.6,13919.5,"",38480.3
12.08.2024 00:00:00,19851.7,6262.6,"",8988,17505.2,"",44753.5
13.08.2024 00:00:00,24809.4,12526.6,8988,"",17593.1,"",51306.8
14.08.2024 00:00:00,19854.5,6263.9,4494.5,"",22013.9,"",45318.4
15.08.2024 00:00:00,24807.8,6267.2,"",8993.1,20255,"",51315
16.08.2024 00:00:00,14883.6,6267.3,8994.4,4401.5,17639,"",45038.7
17.08.2024 00:00:00,29754.5,"",4494.1,"",18965.8,"",51304.2
18.08.2024 00:00:00,14888.1,"",8985,4494.9,25066.3,"",51871.7
19.08.2024 00:00:00,29676.1,6267.2,4399.8,4490.8,21037.7,"",38763.3
20.08.2024 00:00:00,24807.5,6264.2,"",9005.4,18671.4,"",51309
21.08.2024 00:00:00,19845.2,6260,4492.3,4493,19320.2,"",32206.3
22.08.2024 00:00:00,19850.2,6265.6,4494.9,"",18463.9,"",51308.8
23.08.2024 00:00:00,19753.3,6264.6,8989.3,"",19947.7,"",45316.8
24.08.2024 00:00:00,24808.3,"",13499.4,"",18993.9,"",51864.7
25.08.2024 00:00:00,24804.8,6264.6,4491.4,"",23778.2,"",38763.7
26.08.2024 00:00:00,14889.8,6259.9,"",8989,22250.9,"",51862.5
27.08.2024 00:00:00,24715.5,6267.3,"",13487.5,20371.4,"",38764.8
28.08.2024 00:00:00,24812.1,"","",8987,22216.9,"",51866.1
29.08.2024 00:00:00,19847.2,6264.8,"",8993.2,23241.3,"",38760
30.08.2024 00:00:00,24713.6,12527.3,"",13493.7,23261,"",51873.9
31.08.2024 00:00:00,19852.2,6267.4,"",4492.7,26562.2,"",45314
01.09.2024 00:00:00,9825.3,6267.3,4495,13491,19317.6,"",51876
02.09.2024 00:00:00,14886.4,6267.2,8994,"",17695.2,"",45318.1
03.09.2024 00:00:00,24808.1,12527.9,"",8989.4,18751.2,"",45314.9
04.09.2024 00:00:00,14886.4,"",4513.7,8989,24837.2,"",51307.1
05.09.2024 00:00:00,24809.8,12407.2,4494.8,4492.9,22198.1,"",51299.1
06.09.2024 00:00:00,9920.3,"",13483.6,"",17126.6,"",44754.8
07.09.2024 00:00:00,19846,12536.1,"",13482.8,18217.5,"",51301.7
08.09.2024 00:00:00,4962.5,"","",4496.9,21579,"",45312.1
09.09.2024 00:00:00,9918.1,12534.5,4491.6,4492.7,16506,"",45040.7
10.09.2024 00:00:00,14883.2,6266.4,"",8994,18145,"",51580.9
11.09.2024 00:00:00,14880.2,6266.5,"",8988.6,14859,"",57296.9
12.09.2024 00:00:00,14886.9,6266.1,"",4493.7,16375,"",57864.9
13.09.2024 00:00:00,19846.9,6267.1,4495.5,4502,18207,"",45312.6
14.09.2024 00:00:00,19846.3,12529,"",4491.5,17843.2,"",44750
15.09.2024 00:00:00,19840.1,6263.1,8985.4,4496.8,18891.5,"",51300.8
16.09.2024 00:00:00,24810.7,"",8983.7,"",22499,"",45313.8
17.09.2024 00:00:00,14888.2,12534.3,8987.3,4492.9,15527.3,"",37899.8
18.09.2024 00:00:00,29772.8,6268.6,4490.5,4491.5,21626.5,"",38757.1
19.09.2024 00:00:00,14888.4,"","",4493.3,18767.9,"",44744.3
20.09.2024 00:00:00,24801.9,6269.7,8992.8,4494.2,18776.7,"",44750.4
21.09.2024 00:00:00,24799.7,12532.5,8987.5,4495.8,17197.9,"",44754.5
22.09.2024 00:00:00,19848.7,"",4493.1,"",23267.6,"",32486.9
23.09.2024 00:00:00,19850.8,12534.5,8981.5,8893.1,19372.2,"",44052.6
24.09.2024 00:00:00,14885.3,6268.5,8986.5,"",18877.3,"",51871.9
25.09.2024 00:00:00,24805.6,6264.7,4493.4,4495.1,20899.6,"",45304.8
26.09.2024 00:00:00,24805.3,6264.4,4491.9,8987,20327,"",45315.7
27.09.2024 00:00:00,24812.1,12345.4,"","",22579.9,"",45309.8
28.09.2024 00:00:00,19848.6,6267.6,"","",23269.9,"",45324.6
29.09.2024 00:00:00,19752.3,6267.8,"","",17561.2,"",51582.9
30.09.2024 00:00:00,19846.8,6266.9,8990.3,4493.7,15966.6,"",45317.7
01.10.2024 00:00:00,4956.8,"",4491.2,"",15472,"",45611.7
02.10.2024 00:00:00,4961.5,6268,4496.5,8996.8,15403.3,"",45318.2
03.10.2024 00:00:00,4961.7,"",4493.5,4495.4,15414.5,"",38756.2
04.10.2024 00:00:00,14888.2,6263.2,4488.2,4501.7,15443.8,"",45028.6
05.10.2024 00:00:00,4960.6,"",4494.7,4492.4,14329.7,"",38473.9